coordinates,created,geo,id_str,retweet_count,text,user_created,user_description,user_followers,user_location,user_namena,15/11/2018 03:58,na,1.06292E+18,0,"RT @Swamy39: Why the likes of Chidambaram, Karti, go Scot-free despite charges against them https://t.co/bg0g1HiMLQ via @PGurus1",08/08/2018 16:39,na,14,na,UmmatShaktina,15/11/2018 03:58,na,1.06292E+18,0,"RT @rvaidya2000: Why the likes of Chidambaram, Karti, go Scot-free despite charges against them https://t.co/HWZuRXsqOl via @PGurus1",16/05/2009 18:07,"I'm Laksmi, a certified bhakt. Screen name Changing to VijayaLakshmi in 2019 âœŒï¸è //Common citizen followed by PM _Ÿ™è",8232,mumbai,Online_Floristana,15/11/2018 03:58,na,1.06292E+18,0,RT @madhukishwar: 4. I'd like Tweeple to answer: Is it wrong to suggest that @AltNews is for Congress &amp; Left what @OpIndia_com is for BJP?â€_,10/11/2015 11:08,na,323,"Vishakhapatnam, India",shanmukhssvna,15/11/2018 03:58,na,1.06292E+18,0,"RT @Swamy39: @4Species @pGurus1 Why did you not change key bureaucrats and law officers after May 26, 2014? Because of the tyranny of the Uâ€_",09/08/2010 07:44,"India First | Engineer | Lawyer | Writer | à¥êVedanta Proponent | Kashmiri Roots|THINK good DO good & FEEL good |Veritas Vincit à_¸à__à¥çà_¯à_®à¥‡à_µ à_œà_¯à__à¥‡Â âœŒBharatMataKiJai_Ÿ_©",2318,ShillongSheffieldSanfransisco,Shantanu_KP786na,15/11/2018 03:58,na,1.06292E+18,0,"RT @Swamy39: Why the likes of Chidambaram, Karti, go Scot-free despite charges against them https://t.co/bg0g1HiMLQ via @PGurus1",23/01/2015 14:37,"blessed and honoured to be followed bysir @piyushgoyaloffc ,desh ka Vikash sirf bjp modi Ji kr sakte h , kabhi mouka mila toh jarur politics main aayenge ,",582,na,rajag24na,15/11/2018 03:58,na,1.06292E+18,0,"RT @trramesh: Is the Commie CM planning the next TDB with one Commie ""Hindu"" member, one Muslim member and one Bishop like Franco? Sabarimaâ€_",11/11/2009 04:09,One who searches Inside & Outside,135,na,Thiyagarna,15/11/2018 03:59,na,1.06292E+18,0,"RT @Swamy39: Why the likes of Chidambaram, Karti, go Scot-free despite charges against them https://t.co/bg0g1HiMLQ via @PGurus1",09/08/2010 07:44,"India First | Engineer | Lawyer | Writer | à¥êVedanta Proponent | Kashmiri Roots|THINK good DO good & FEEL good |Veritas Vincit à_¸à__à¥çà_¯à_®à¥‡à_µ à_œà_¯à__à¥‡Â âœŒBharatMataKiJai_Ÿ_©",2318,ShillongSheffieldSanfransisco,Shantanu_KP786na,15/11/2018 03:59,na,1.06292E+18,0,RT @vivekagnihotri: Urban Naxals by Vivek Agnihotri : The story of â€˜an India where success does not lie in money but survivingâ€™ https://t.câ€_,11/09/2014 08:16,"à_°à__à_·à¥çà_Ÿà¥çà_°à_¸à_°à¥çà_µà¥‹à_ªà_°à_¿  100%followback # ifb Until the lion learns to write,every story will always glorify the hunter #RHH @rssorg @narendramodi",3671,"Rajasthan, India",1Sunilbishnoi1na,15/11/2018 03:59,na,1.06292E+18,0,"RT @VashiMant: Please follow and join our activity handles@agniveer - All Agniveer activities @MissingHGirls - for love/rape/kidnap Jihaâ€_",30/07/2009 10:16,"Jamia Millia Islamia _ National Institute of design _ summer stint at Instituto Marangoni, London _ colourist at an Indian Automotive giant _ seeker for life",375,India,chauhan_nehana,15/11/2018 03:59,na,1.06292E+18,0,"RT @c_aashish: Dear Shashi Tharoor, today a â€˜chaiwalaâ€™ is the Prime Minister, not because of, but despite Jawaharlal Nehru - @nirwamehta -â€_",25/06/2015 01:51,Sales professional. Tweets are personal. RTs are not endorsements.,577,India,joshmachine1973na,15/11/2018 04:00,na,1.06292E+18,0,RT @RaoSuresh2: A video has emerged of Congress leader Kamal Nath allegedly advising Muslims to be patient assembly elections&amp; â€œwe will deaâ€_,01/05/2011 16:03,Proud to be with BJP since its inception. No compromise on Hindutva. Tremendous faith on our PM Shri. Modiji. BHARAT MATA KI JAI.,3145,"Thane, India",PKotekarna,15/11/2018 04:00,na,1.06292E+18,0,"RT @Swamy39: Why the likes of Chidambaram, Karti, go Scot-free despite charges against them https://t.co/bg0g1HiMLQ via @PGurus1",14/01/2010 21:45,"MechanicalEngineer~Proud_Ÿ‡®_Ÿ‡_Hindu &Vegetarian~Human&AnimalRights Activist-Fan of_Ÿ•‰ModiJi,Yogiji&RSS._Ÿ“Œà_‡à_¸à¥çà__à__à_® à_§à_°à¥çà_®â˜ªï¸èà_®à__à_¨à_µ à_œà__à__à_¿ à_”à_° à__à_—à_µà__à_¨ à_•à¥‡ à_–à_¿à__à__à_« à_èà_• à_˜à¥ƒà_£à_¿à__ à_…à_ªà_°à__à_§ à__à¥ˆ",495,India,Gupta_D1971na,15/11/2018 04:00,na,1.06292E+18,0,RT @vivekagnihotri: Urban Naxals by Vivek Agnihotri : The story of â€˜an India where success does not lie in money but survivingâ€™ https://t.câ€_,07/02/2013 06:19,na,585,Jammu,nagarshanuna,15/11/2018 04:00,na,1.06292E+18,0,"RT @c_aashish: Dear Shashi Tharoor, today a â€˜chaiwalaâ€™ is the Prime Minister, not because of, but despite Jawaharlal Nehru - @nirwamehta -â€_",24/08/2009 09:46,"Confused Connoisseur. Even my own Tweets aren't endorsements.",1199,Bharatham,hsejarsana,15/11/2018 04:00,na,1.06292E+18,0,@PoirotH_ @LegalKant @ShefVaidya @OGSaffron @OpIndia_com @prasannavishy @Kuvalayamala @sankrant @India_Policyâ€_ https://t.co/G5pMywCltL,03/02/2014 08:52,23. Insomniac. Otaku.,878,"New Delhi, India",Bakarrchodna,15/11/2018 04:00,na,1.06292E+18,0,@YssMumbaiThane @YssHeadOffice @AsaramBapuJi @AmarUjalaNews @DainikBhaskar @htTweets @postcard_news @ZeeNewsâ€_ https://t.co/K71WCEmL3y,22/06/2017 16:42,na,461,na,Yuvi69069010na,15/11/2018 04:00,na,1.06292E+18,0,"RT @vechusenjing: à®_à®°à®¿à®_à¯çà®_à®¿à®° à®†à®¯à¯çà®µà®_à®_à®°à¯çà®•à®_à¯ç à®_à¯_à®_à¯çà®_ à®µà¯‡à®£à¯çà®Ÿà®¿à®¯à®_à¯Å à®_à®°à¯çà®_à®_à®°à¯ç à®ªà®Ÿà¯çà®Ÿà¯‡à®_à®¿à®©à¯ç à®•à®_à®·à¯çà®®à¯€à®°à¯ç. à®†à®©à®_à®_à¯ç à®_à¯_à®_à¯çà®µà®_à¯Å, à®_à¯_à®©à¯çà®©à®_à¯Å â€_ à®¨à¯‡à®°à¯Åà®µà®¿à®©à¯ç à®•à®_à®·à¯çà®®à¯€à®°à¯ç.. à®_à®ªà¯çà®ªà®Ÿà®¿..à®_à®_â€_",29/05/2011 12:19,Trying 2 fnd wh I dono?? bt wh 2 fnd 1st?,191,chennai,dingdingpbna,15/11/2018 04:00,na,1.06292E+18,0,"RT @Swamy39: Why the likes of Chidambaram, Karti, go Scot-free despite charges against them https://t.co/bg0g1HiMLQ via @PGurus1",03/06/2009 12:14,"Independent Thinker ,                                                                                       Retweets are not endorsements",962,Hyderabad,vinodshadijana,15/11/2018 04:00,na,1.06292E+18,0,"RT @Swamy39: Why the likes of Chidambaram, Karti, go Scot-free despite charges against them https://t.co/bg0g1HiMLQ via @PGurus1",31/05/2012 12:39,_ù•__ù–__ù–“_ù–‰_ù–_ _ù•__ù–†_ù–˜_ù–ç_ù–™_ù–—_ù–† _ù•´_ù–˜ _ù•¿_ù–—_ù–__ù–_ _ù•´_ù–‰_ù–__ù–“_ù–™_ù–__ù–™_ù–_ _ù•º_ù–‹ _ù•__ù–ç_ù–†_ù–—_ù–†_ù–™. _ù•__ù–__ù–•_ù–•_ù–”_ù–™_ù–__ù–— _ù•º_ù–‹ _ù•__ù–__ù–“_ù–‰_ù–__ù–™_ù–›_ù–† _ù•´_ù–‰_ù–__ù–”_ù–‘_ù–”_ù–Œ_ù–_ / _ù•__ù–†_ù–™_ù–__ù–”_ù–“_ù–†_ù–‘_ù–__ù–˜_ù–™_ù–˜,311,na,NarendraLSinghna,15/11/2018 04:01,na,1.06292E+18,0,"RT @mysuroo: Why many are against GST.Commercial Tax officers say : this is tip of the iceberg Rs 1,200-crore GST fraud busted in Bengalâ€_",09/04/2015 21:09,na,169,na,bharityatweeterna,15/11/2018 04:01,na,1.06292E+18,0,RT @DrShobha: Towering resentment: Why the British are sulking over the Statue of Unity | IndiaFacts https://t.co/bu7HCaTZuJ via @IndiaFactâ€_,08/10/2013 18:10,à__à_¿à_‚à__à_Å,65,Bharath,KarBengaluruna,15/11/2018 04:01,na,1.06292E+18,0,RT @67nimrod: @jagdishshetty @akron_88 @Mausam1975 @rvaidya2000 @Swamy39 @pGurus1 @arunjaitley @PMOIndia Why did Swamy release books praisiâ€_,14/05/2011 14:30,na,133,na,piyush_successna,15/11/2018 04:01,na,1.06292E+18,0,RT @BhagwaanUvacha: @LooseMouth007 @trramesh @OpIndia_com @Swamy39 @mohandastg @surnell Now ask them why what was a communal God just 8 yeaâ€_,17/03/2014 01:31,Into food business @ Chennai. Employed till recently & on my own now. tweets are personal.,82,India,aamalwapartyna,15/11/2018 04:01,na,1.06292E+18,0,"RT @IndiaExplained: As long as @OpIndia_com and the @bjpitc BJP IT-Social Media cell are in existence, Twitter will never be defecation-free",22/05/2018 01:49,na,104,na,TruthPeriscopena,15/11/2018 04:01,na,1.06292E+18,0,@maheshkdesh @rightlog_in Most of the imp institutions/positions are already occupied by people who were on payrollâ€_ https://t.co/64pSCT92Su,14/02/2010 04:49,na,130,Nagpur,ankjoshna,15/11/2018 04:01,na,1.06292E+18,0,"Why the likes of Chidambaram, Karti, go Scot-free despite charges against them https://t.co/vp7Q08YLmM via @PGurus1",16/05/2009 18:07,"I'm Laksmi, a certified bhakt. Screen name Changing to VijayaLakshmi in 2019 âœŒï¸è //Common citizen followed by PM _Ÿ™è",8232,mumbai,Online_Floristana,15/11/2018 04:01,na,1.06292E+18,0,RT @Z9beIe2HUQ42OkV: @DushyantNaagar @upsiaspirants @narendramodi @ZeeNews @thewirehindi @htTweets @TOIIndiaNews @NavbharatTimes @ETNOWliveâ€_,08/02/2013 10:20,na,51,na,singhrahul0128na,15/11/2018 04:02,na,1.06292E+18,0,"RT @mysuroo: Why many are against GST.Commercial Tax officers say : this is tip of the iceberg Rs 1,200-crore GST fraud busted in Bengalâ€_",10/07/2013 13:16,"Bjp Modi Yogi r important to india. also nationalism n Indian culture. Retweet is not endorsemtravel n reading keep one up to date. share n love keeps u going.",823,"Dubai, United Arab Emirates",3101gpna,15/11/2018 04:02,na,1.06292E+18,0,RT @desertfox61I: Sitaram Yechury rejects Rahul Gandhi as Prime Ministerial candidate from opposition https://t.co/cgOYAlIiva via @opindia_â€_,22/01/2010 08:34,"Right of centre. Retweeting is not an endorsement of views.I Tweet what I like.",1580,India,RajBonina,15/11/2018 04:02,na,1.06292E+18,0,"RT @VashiMant: 1 Wahid Khan (65) molested minor Dalit H girl 4 months in Trilokpuri, Delhi2 Jailed3 Son Seraj kidnaps girl's 13 yrs old sâ€_",26/07/2018 13:27,Politically Aware. Cricket Lover. Atheist.History Buff.  Forever A Student Of Life,82,India ,AwesomeAbhinashna,15/11/2018 04:02,na,1.06292E+18,0,"RT @Swamy39: Why the likes of Chidambaram, Karti, go Scot-free despite charges against them https://t.co/bg0g1HiMLQ via @PGurus1",18/06/2014 19:53,"Blessed by Dr @swamy39 as à_…à_¸à_® à_ªà¥çà_°à__à¥‡à_¶ à_®à__à__à_¸à__à_¿à_µà¥_ à_¬à_¿à§°à__à_Ÿ à__à_¿à_¨à§çà__à§Åà_¸à§çà__à__à_¨ à_¸à_‚à_—à_®à§çà¥_@vhsindiaà¥_ TAC member,BSNL,Kamrupà¥_ DRUCC member,Lumding Division,NF Railwayà¥_ à_¶à§çà§°à§€ à§°à__à_® _Ÿ™è",1504,tonydastonydas@gmail.com,tony_karyakartana,15/11/2018 04:02,na,1.06292E+18,0,"RT @agniveer: After 8.25 lac at NCSC's orders, additional â‚_8 lac+9% interest to Devendra's family approved by railways after Agniveer's effâ€_",24/11/2011 10:14,na,106,na,ravishreyna,15/11/2018 04:02,na,1.06292E+18,0,RT @RaoSuresh2: A video has emerged of Congress leader Kamal Nath allegedly advising Muslims to be patient assembly elections&amp; â€œwe will deaâ€_,08/09/2018 18:49,_Ÿ_¶_Ÿ_¶_Ÿ_¶ AccPy,761,na,Shraddha__Kapna,15/11/2018 04:03,na,1.06292E+18,0,"RT @Swamy39: Why the likes of Chidambaram, Karti, go Scot-free despite charges against them https://t.co/bg0g1HiMLQ via @PGurus1",27/04/2009 07:01,"Trueman traveler Bollywood _Ÿ_¥ Lineproducer",483,Mumbai,kamleshpurina,15/11/2018 04:03,na,1.06292E+18,0,RT @RamKuber16: @RamNareshBil @cKLrBFj3plJzOL2 @sspundir11 @jaimahakal1947 @MMSAXENA_ @indiajacr @DhirendraGBN @NehaSachin07 @GkUpwest @upcâ€_,12/10/2018 00:27,à_•à¥çà_·à¥‡à__à¥çà_° à_ªà_‚à__à__à_¯à__ à_¸à__à_¸à¥çà_¯ à_¸à_°à_§à_¨à__ à_¬à¥çà__à¥‰à_• à_œà_¨à_ªà__ à_®à¥‡à_°à_ ,271, à_®à¥‹à__à¥€à_ªà¥Åà_°à_® à_‰à__à¥çà__à_° à_ªà¥çà_°à__à¥‡à_¶ à__à__à_°à__,Tajmohmmed11na,15/11/2018 04:03,na,1.06292E+18,0,RT @krishna14841550: @achlendra @narendramodi @mlkhattar @Live_Hindustan @BJP4India #DwarkaExpressWay à_•à__ à_¶à_¿à__à__à_¨à¥çà_¯à__à_¸ à__à¥‹à_—à__ à_¯à__ à_¨à__à¥€à_‚ à_‡à_¸ à_ªà_° à_•à¥‹à_ˆâ€_,25/12/2017 04:08,à_¸à_«à__à_° 2007 à_¸à¥‡ 2018 à__à_• #DwarkaExpressway à_¬à_¨à__à_“ #KherkiDaulaToll à__à_Ÿà__à_“ #BasicAmenities à__à¥‹ #Gurugram #Gurgaon #MillenniumCity à_¬à__à__à_“,157,"Gurgaon, India",DwarkaEWayBanaona,15/11/2018 04:03,na,1.06292E+18,0,"This is sad.https://t.co/2BIXBwdTl4 via @opindia_com",01/05/2013 08:23,"Charizard is my patronus ! *Valar Riddikulus*",195,in childhood,pranit_19na,15/11/2018 04:03,na,1.06292E+18,0,"RT @c_aashish: Dear Shashi Tharoor, today a â€˜chaiwalaâ€™ is the Prime Minister, not because of, but despite Jawaharlal Nehru - @nirwamehta -â€_",26/02/2009 07:24,"Working at Rambhau Mhalgi Prabodhini-Delhi; Interests -Edun, Skilling,Training; alumnus FMS University of Delhi (06-08); BTech-ICT, DAIICT, Gandhinagar",2690,"Udaipur, Delhi",RaviPokharnana,15/11/2018 04:03,na,1.06292E+18,0,@MissingHGirls @agniveer @followsanjeev @VashiMant @VaidSatish @geet3142 @agniveerashish @AhmAsmiYodha How do v DM. Pls cnfm.,26/05/2014 03:40,RTs not endorsement,32,delhi,GirirajAMITna,15/11/2018 04:03,na,1.06292E+18,0,@macharajarao @Swamy39 @niku1630 @pGurus1 Talkers seldom act.,04/05/2018 07:35,Shipping consultant. Four decades in Com. Shpg. Lived in eight states. Staunch supporter of our armed forces. Firm Hindu & believer of our traditions& cultures.,77,"Kuttippuram, India",RavindranathNa3na,15/11/2018 04:04,na,1.06292E+18,0,@OpIndia_com Procecute this scroundel,25/06/2010 14:38,"I am a Surgeon & a farmer. I work in The MOH, as a Surgical Specialist, in KSA.I produce Carp Fishes,sugarcane & wheat/paddy.",877,"Al Eidabi,Jizan,KSA.",BagchiGorakhpurna,15/11/2018 04:04,na,1.06292E+18,0,@OpIndia_com @BDUTT looking forward for your few kind words in the honour of your @DeepikaSRajawat ....,24/08/2010 15:23,"à_¨à_®à_¸à¥çà__à¥‡ à_¸à__à__ à_µà__à¥çà_¸à__à¥‡ à_®à__à__à¥ƒà__à¥‚à_®à¥‡à__à¥çà_µà_¯à__ à__à_¿à_¨à¥çà__à¥Åà__à¥‚à_®à¥‡ à_¸à¥Åà_–à_‚ à_µà_°à¥çà_§à_¿à__à¥‹à__à__à_®à¥çà¥_à_®à__à__à_®à_™à¥çà_—à__à¥‡ à_ªà¥Åà_£à¥çà_¯à__à¥‚à_®à¥‡ à__à¥çà_µà__à_°à¥çà_¥à¥‡à_ªà__à__à¥çà_µà¥‡à_· à_•à__à_¯à¥‹ à_¨à_®à_¸à¥çà__à¥‡ à_¨à_®à_¸à¥çà__à¥‡à¥¥",341,India,pinban02,2018-11-15 04:19:34,,1062923036704292864,0.0,"RT @achlendra: ‡§ö‡§Ç‡§°‡•Ä‡§ó‡§¢‡§º: ‡§≠‡§æ‡§ú‡§™‡§æ ‡§µ‡§ø‡§ß‡§æ‡§Ø‡§ï ‡§¶‡§≤ ‡§ï‡•Ä ‡§¨‡•à‡§†‡§ï ‡§ñ‡§º‡§§‡•ç‡§Æ, ‡§™‡•ç‡§∞‡§ß‡§æ‡§®‡§Æ‡§Ç‡§§‡•ç‡§∞‡•Ä @narendramodi ‡§ï‡•Ä ‡§ó‡•Å‡§∞‡•Å‡§ó‡•ç‡§∞‡§æ‡§Æ ‡§∞‡•à‡§≤‡•Ä ‡§∏‡•á ‡§™‡§π‡§≤‡•á ‡§π‡•Å‡§Ü ‡§Æ‡§Ç‡§•‡§®, ‡§Æ‡•Å‡§ñ‡•ç‡§Ø‡§Æ‡§Ç‡§§‡•ç‡§∞‡•Ä ‡§Æ‡§®‡•ã‡§π‡§∞ ‡§≤‡§æ‡§≤‚Ä¶",2014-10-03 07:28:37,üáÆüá≥‚öîÔ∏è Veteran and NationalistüáÆüá≥‚öîÔ∏è,52.0,Gurgaon,NavalVeteran_HB
,2018-11-15 04:19:38,,1062923053212958720,0.0,RT @Rishabh25888: @RenukaJain6 @TrulyMonica @AsYouNotWish @RituRathaur @Kuvalayamala @anjanaomkashyap @nishantchat @amitmalviya @AskAnshul‚Ä¶,2011-08-17 13:52:51,"Nationalist,Software Engineer,Interested in Politics,Cricket and Technology,views are strictly personal.Retweets ‚â† Endorsement.",605.0,‡§≠‡§æ‡§∞‡§§‡§µ‡§∞‡•ç‡§∑üö©,saxenaa14
,2018-11-15 04:19:44,,1062923078026485760,0.0,"RT @Swamy39: @4Species @pGurus1 Why did you not change key bureaucrats and law officers after May 26, 2014? Because of the tyranny of the U‚Ä¶",2018-09-29 16:12:30,‡§≠‡§æ‡§∞‡§§‡•Ä‡§Ø,2.0,‡§≠‡§æ‡§∞‡§§,SAMVID_001
,2018-11-15 04:19:51,,1062923105650307072,0.0,@DrShobha @IndiaFactsOrg Seeking money for poors abroad and glorifying idealogue from that money at home,2010-06-23 03:54:23,Teacher@AMU#Writer#Author#Historian#Educationist & Researcher # Love to work 4 the Humanity#Hate corruption & Terrorism#Love to seek justice 4 everyone.,444.0,Aligarh,allam_allam
,2018-11-15 04:19:56,,1062923127267696640,0.0,RT @DrShobha: Towering resentment: Why the British are sulking over the Statue of Unity | IndiaFacts https://t.co/bu7HCaTZuJ via @IndiaFact‚Ä¶,2009-11-25 15:46:22,Maverick AP07-OD10-AP31-AP28-TN02-AP28-RJ14-KA03-AP28-RJ14-CG04-OD02-HR26-AP28 Living:TS07 Nativity ‚ùéSure;Right Thinking;Religious ‚ùéSpiritual;RTs ‚ùéendorsments,784.0,Hyderabad,MorbidMortal
,2018-11-15 04:20:04,,1062923161799294976,0.0,RT @SuryahSG: All these years media presented you fake news over origins of Children's Day. Here is the truth https://t.co/BmihSH9zts via @‚Ä¶,2014-03-29 07:29:23,"Proud Hindu, PM modi ji for 2019",159.0,"Dharmapuri, India",shariharan76
,2018-11-15 04:20:04,,1062923162512510976,0.0,@achlendra @narendramodi @mlkhattar @Live_Hindustan @BJP4India Any thing regarding #DwarkaExpressWay #kherkidaulatoll,2014-10-03 07:28:37,üáÆüá≥‚öîÔ∏è Veteran and NationalistüáÆüá≥‚öîÔ∏è,52.0,Gurgaon,NavalVeteran_HB
,2018-11-15 04:20:05,,1062923166618550272,0.0,RT @MissingHGirls: .@agniveer team distributing pamphlets on #LoveJihad under our awareness drive in Delhi. Pamphlets have been created in‚Ä¶,2012-09-04 19:49:22,"Inspiration - Shivaji Maharaj. If he can fight d mighty cruel Aurangzeb wid his small army, we all can dream n achieve big. Har Har Mahadev",200.0,,PatilRakesh85
,2018-11-15 04:20:08,,1062923179532935168,0.0,".
@dna
@smritiirani
@NavbharatTimes
@JagranNews",2018-01-12 17:48:08,,14.0,,kapoormasoom1
,2018-11-15 04:20:10,,1062923186432630784,0.0,@OpIndia_com It's a #MeToo revoluation again.,2018-07-21 12:13:26,,18.0,,RBhanjan
,2018-11-15 04:20:12,,1062923194825367552,0.0,"RT @gurjohar: @achlendra @hdhingra @narendramodi @mlkhattar @Live_Hindustan @BJP4India What about #DwarkaExpressway 
Sirf velle kaam he kar‚Ä¶",2014-10-03 07:28:37,üáÆüá≥‚öîÔ∏è Veteran and NationalistüáÆüá≥‚öîÔ∏è,52.0,Gurgaon,NavalVeteran_HB
,2018-11-15 04:20:24,,1062923245404504064,0.0,@gurjohar @achlendra @hdhingra @narendramodi @mlkhattar @Live_Hindustan @BJP4India #DwarkaExpressWay #kherkidaulatoll,2014-10-03 07:28:37,üáÆüá≥‚öîÔ∏è Veteran and NationalistüáÆüá≥‚öîÔ∏è,52.0,Gurgaon,NavalVeteran_HB
,2018-11-15 04:20:30,,1062923272512188416,0.0,@NavbharatTimes Inka yahi kaam hai,2018-08-14 13:21:12,,3.0,,vikas_baudh
,2018-11-15 04:20:32,,1062923278552088577,0.0,RT @RajeshJha_GGN: @achlendra @narendramodi @mlkhattar @Live_Hindustan @BJP4India These meetings/site visits are happening everyday since l‚Ä¶,2014-10-03 07:28:37,üáÆüá≥‚öîÔ∏è Veteran and NationalistüáÆüá≥‚öîÔ∏è,52.0,Gurgaon,NavalVeteran_HB
,2018-11-15 04:20:33,,1062923283190947842,0.0,"RT @Swamy39: Why the likes of Chidambaram, Karti, go Scot-free despite charges against them https://t.co/bg0g1HiMLQ via @PGurus1",2014-12-16 12:39:21,Nationalist proud indian namo fan,712.0,delhi,Gurucharan2703
,2018-11-15 04:20:35,,1062923291331981313,0.0,"RT @NavbharatTimes: ‡§Æ‡•ã‡§π‡§® ‡§≠‡§æ‡§ó‡§µ‡§§ ‡§®‡•á ‡§¶‡§ø‡§è ‡§∏‡§Ç‡§ï‡•á‡§§, ‡§Æ‡§Ç‡§¶‡§ø‡§∞ ‡§î‡§∞ ‡§π‡§ø‡§Ç‡§¶‡•Å‡§§‡•ç‡§µ ‡§¨‡§®‡•á‡§ó‡§æ 2019 ‡§Æ‡•á‡§Ç ‡§ö‡•Å‡§®‡§æ‡§µ‡•Ä ‡§Æ‡•Å‡§¶‡•ç‡§¶‡§æ
https://t.co/3raeYQ4g2G via @NavbharatTimes 
#R‚Ä¶",2018-08-14 13:21:12,,3.0,,vikas_baudh
,2018-11-15 04:20:46,,1062923336982773760,0.0,Legal disasters of #BJP #RSS #NDA #Modi #ArunJaitley @arunjaitley #NarendraModi @narendramodi @rsprasad,2008-10-24 06:38:28,"Satyamev Jayate


‡§™‡§æ‡§§‡§ï‡§æ‡§®‡§ø ‡§µ‡§ø‡§®‡§∂‡•ç‡§Ø‡§®‡•ç‡§§‡§ø ‡§Ø‡§æ‡§µ‡§®‡•ç‡§§‡§ø ‡§∂‡§ø‡§µ‡§®‡§æ‡§Æ‡§§‡§É‡•§
‡§≠‡•Å‡§µ‡§ø ‡§§‡§æ‡§µ‡§®‡•ç‡§§‡§ø ‡§™‡§æ‡§™‡§æ‡§®‡§ø ‡§ï‡•ç‡§∞‡§ø‡§Ø‡§®‡•ç‡§§‡•á ‡§® ‡§®‡§∞‡•à‡§∞‡•ç‡§Æ‡•Å‡§®‡•á‡••


Bitter truth
vs
Sweet sexy lies",1800.0,India,99999sv
,2018-11-15 04:20:47,,1062923340137013249,0.0,@RajeshJha_GGN @achlendra @narendramodi @mlkhattar @Live_Hindustan @BJP4India #DwarkaExpressWay #kherkidaulatoll,2014-10-03 07:28:37,üáÆüá≥‚öîÔ∏è Veteran and NationalistüáÆüá≥‚öîÔ∏è,52.0,Gurgaon,NavalVeteran_HB
,2018-11-15 04:20:51,,1062923357279014913,0.0,"RT @Swamy39: Why the likes of Chidambaram, Karti, go Scot-free despite charges against them https://t.co/bg0g1HiMLQ via @PGurus1",2008-10-24 06:38:28,"Satyamev Jayate


‡§™‡§æ‡§§‡§ï‡§æ‡§®‡§ø ‡§µ‡§ø‡§®‡§∂‡•ç‡§Ø‡§®‡•ç‡§§‡§ø ‡§Ø‡§æ‡§µ‡§®‡•ç‡§§‡§ø ‡§∂‡§ø‡§µ‡§®‡§æ‡§Æ‡§§‡§É‡•§
‡§≠‡•Å‡§µ‡§ø ‡§§‡§æ‡§µ‡§®‡•ç‡§§‡§ø ‡§™‡§æ‡§™‡§æ‡§®‡§ø ‡§ï‡•ç‡§∞‡§ø‡§Ø‡§®‡•ç‡§§‡•á ‡§® ‡§®‡§∞‡•à‡§∞‡•ç‡§Æ‡•Å‡§®‡•á‡••


Bitter truth
vs
Sweet sexy lies",1800.0,India,99999sv
,2018-11-15 04:20:54,,1062923372210851840,0.0,RT @madhukishwar: 2. In 1st panel @AltNews presented themselves as Fake News Buster. My saying @OpIndia_com does for BJP what @AltNews does‚Ä¶,2014-01-10 10:22:29,‡§ä‡§Å ‡§®‡§Æ‡§É ‡§∂‡§ø‡§µ‡§æ‡§Ø: #‡§¨‡•ç‡§∞‡§æ‡§Æ‡•ç‡§π‡§£: #‡§ß‡§∞‡•ç‡§Æ‡•ã_‡§∞‡§ï‡•ç‡§∑‡§§‡§ø_‡§∞‡§ï‡•ç‡§∑‡§ø‡§§: #‡§∏‡§®‡§æ‡§§‡§®_‡§ß‡§∞‡•ç‡§Æ‡•ã‡§Ç_‡§µ‡§ø‡§ú‡§Ø‡§§‡•á: #‡§ú‡§Ø‡§§‡•Å_‡§π‡§ø‡§Ç‡§¶‡•Å‡§∞‡§æ‡§∑‡•ç‡§ü‡•ç‡§∞‡§Æ‡•ç #‡§µ‡§Ø‡§Ç_‡§∞‡§æ‡§∑‡•ç‡§ü‡•ç‡§∞‡•á_‡§ú‡§æ‡§ó‡•É‡§Ø‡§æ‡§Æ_‡§™‡•Å‡§∞‡•ã‡§π‡§ø‡§§‡§æ: . . . !!! (RT‚Äôs NOT Endorsements),356.0,üáÆüá≥üö© ‡§≠‡§æ‡§∞‡§§ üö©üáÆüá≥,KushAlwayz
,2018-11-15 04:20:57,,1062923385586507776,0.0,RT @madhukishwar: 4. I'd like Tweeple to answer: Is it wrong to suggest that @AltNews is for Congress &amp; Left what @OpIndia_com is for BJP?‚Ä¶,2014-01-10 10:22:29,‡§ä‡§Å ‡§®‡§Æ‡§É ‡§∂‡§ø‡§µ‡§æ‡§Ø: #‡§¨‡•ç‡§∞‡§æ‡§Æ‡•ç‡§π‡§£: #‡§ß‡§∞‡•ç‡§Æ‡•ã_‡§∞‡§ï‡•ç‡§∑‡§§‡§ø_‡§∞‡§ï‡•ç‡§∑‡§ø‡§§: #‡§∏‡§®‡§æ‡§§‡§®_‡§ß‡§∞‡•ç‡§Æ‡•ã‡§Ç_‡§µ‡§ø‡§ú‡§Ø‡§§‡•á: #‡§ú‡§Ø‡§§‡•Å_‡§π‡§ø‡§Ç‡§¶‡•Å‡§∞‡§æ‡§∑‡•ç‡§ü‡•ç‡§∞‡§Æ‡•ç #‡§µ‡§Ø‡§Ç_‡§∞‡§æ‡§∑‡•ç‡§ü‡•ç‡§∞‡•á_‡§ú‡§æ‡§ó‡•É‡§Ø‡§æ‡§Æ_‡§™‡•Å‡§∞‡•ã‡§π‡§ø‡§§‡§æ: . . . !!! (RT‚Äôs NOT Endorsements),356.0,üáÆüá≥üö© ‡§≠‡§æ‡§∞‡§§ üö©üáÆüá≥,KushAlwayz
,2018-11-15 04:20:58,,1062923388811849728,0.0,"RT @Swamy39: Why the likes of Chidambaram, Karti, go Scot-free despite charges against them https://t.co/bg0g1HiMLQ via @PGurus1",2011-08-17 13:52:51,"Nationalist,Software Engineer,Interested in Politics,Cricket and Technology,views are strictly personal.Retweets ‚â† Endorsement.",605.0,‡§≠‡§æ‡§∞‡§§‡§µ‡§∞‡•ç‡§∑üö©,saxenaa14
,2018-11-15 04:21:10,,1062923437360984064,0.0,RT @RaoSuresh2: A video has emerged of Congress leader Kamal Nath allegedly advising Muslims to be patient assembly elections&amp; ‚Äúwe will dea‚Ä¶,2010-01-25 12:20:56,"Minister of Home affairs, 
Master of Kadi Ninda.
#TeamMandirüö©
#TeamOldMonk
Followed by @Oyevivekk @squintneon @dishasatra",2689.0,HMO,NindaTurtles
,2018-11-15 04:21:12,,1062923445162242048,0.0,RT @MissingHGirls: .@agniveer team distributing pamphlets on #LoveJihad under our awareness drive in Delhi. Pamphlets have been created in‚Ä¶,2018-10-15 08:14:33,,15.0,,Bliss14017582
,2018-11-15 04:21:40,,1062923562825113600,0.0,"@Swamy39 @pGurus1 Nehru made it possible for a Chaiwala to be PM': says SashiTharoor
Nehru made it 'impossible' for‚Ä¶ https://t.co/TOLpRqjU0P",2018-07-20 12:37:25,"Nationalist to the core,staunch Hindu,follower of chatrapati shivaji Maharaj who is my inspiration.Retweets are endorsements.jaihind, jaiGomatha",6.0,,vigilantehindu
,2018-11-15 04:21:48,,1062923599101812736,0.0,"RT @Swamy39: Why the likes of Chidambaram, Karti, go Scot-free despite charges against them https://t.co/bg0g1HiMLQ via @PGurus1",2017-12-22 05:14:34,,424.0,"Surat, India.",VipulSh5573
,2018-11-15 04:22:09,,1062923685625909248,0.0,RT @jharkhand181: ‡§ï‡§≤ ‡§¶‡§ø‡§®‡§æ‡§Ç‡§ï 06.11.2018 ‡§ï‡•ã ‡§Æ‡•Å‡§ñ‡•ç‡§Ø‡§Æ‡§Ç‡§§‡•ç‡§∞‡•Ä ‡§ú‡§®‡§∏‡§Ç‡§µ‡§æ‡§¶ ‡§ï‡•á‡§Ç‡§¶‡•ç‡§∞ ‡§¶‡•ç‡§µ‡§æ‡§∞‡§æ ‡§Ü‡§Ø‡•ã‡§ú‡§ø‡§§ '‡§∏‡§æ‡§™‡•ç‡§§‡§æ‡§π‡§ø‡§ï ‡§∏‡§Æ‡•Ä‡§ï‡•ç‡§∑‡§æ' ‡§ï‡§æ‡§∞‡•ç‡§Ø‡§ï‡•ç‡§∞‡§Æ ‡§Ü‡§ú ‡§ï‡•á ‡§Ö‡§ñ‡§¨‡§æ‡§∞‡•ã‡§Ç ‡§Æ‡•á‡§Ç‡•§ @dasrag‚Ä¶,2017-09-21 13:39:49,e-Block Manager at District e- Governance  Society(DeGS),411.0,"Seraikela, Jharkhand",imDKagarwal
,2018-11-15 04:22:20,,1062923731872419841,0.0,RT @NavalVeteran_HB: @RajeshJha_GGN @achlendra @narendramodi @mlkhattar @Live_Hindustan @BJP4India #DwarkaExpressWay #kherkidaulatoll,2018-09-03 12:17:03,,9.0,,Sandeep99254303
,2018-11-15 04:22:23,,1062923744153296897,0.0,"RT @Swamy39: Why the likes of Chidambaram, Karti, go Scot-free despite charges against them https://t.co/bg0g1HiMLQ via @PGurus1",2018-09-17 07:43:55,"Mutual Funds, Equity",57.0,India,FinJalan
,2018-11-15 04:22:23,,1062923746170888193,0.0,RT @NavalVeteran_HB: @achlendra @narendramodi @mlkhattar @Live_Hindustan @BJP4India Any thing regarding #DwarkaExpressWay #kherkidaulatoll,2018-09-03 12:17:03,,9.0,,Sandeep99254303
,2018-11-15 04:22:26,,1062923755926642688,0.0,"RT @mysuroo: Why many are against GST.

Commercial Tax officers say : this is tip of the iceberg 
Rs 1,200-crore GST fraud busted in Bengal‚Ä¶",2015-03-12 13:38:59,,533.0,India,16menon
,2018-11-15 04:22:43,,1062923830166020096,0.0,"RT @Swamy39: Why the likes of Chidambaram, Karti, go Scot-free despite charges against them https://t.co/bg0g1HiMLQ via @PGurus1",2016-03-04 15:17:55,"Art of Living  Volunteer/Faculty, Love Nature, Music, Spirituality,Family, Love moves the world ! - Sri Sri
My opinions my Timeline!",140.0,Working on it,Vikram_Twee_Ts
,2018-11-15 04:22:54,,1062923875506302982,0.0,RT @madhukishwar: 4. I'd like Tweeple to answer: Is it wrong to suggest that @AltNews is for Congress &amp; Left what @OpIndia_com is for BJP?‚Ä¶,2011-11-21 10:32:26,#TeamMandirüö©üö©,746.0,Rajiv chowk metro staion,gurujeeGayabh
,2018-11-15 04:23:03,,1062923910826602496,0.0,RT @dranujoshi1: @OpIndia_com The great trinity which collected money for Asifa's parents: Shehla has deleted her Twitter account and has d‚Ä¶,2010-07-30 03:05:20,Media Head,2357.0,"DELHI, India",Semmukham
,2018-11-15 04:23:16,,1062923967026085888,0.0,@Swamy39 @pGurus1 Because our PM does not want the PCs to pay the price for misdeeds.,2017-08-12 05:17:32,,15.0,,agkjgk
,2018-11-15 04:23:20,,1062923984201760768,0.0,"RT @Swamy39: Why the likes of Chidambaram, Karti, go Scot-free despite charges against them https://t.co/bg0g1HiMLQ via @PGurus1",2018-06-20 09:53:55,,183.0,,simbachikki
,2018-11-15 04:23:20,,1062923984470228992,0.0,RT @pandharichitra: @HinduJagrutiOrg @DebashishHiTs @RituRathaur @ippatel @hindupost @KiranKS Lo ! aur ek ghotala,2011-12-06 04:57:41,"Views r mine, re-tweets r not. nothing to do with profession. Laughter is the best medicine, tears r best soul-cleanser, music best purifier.",7803.0,India,DebashishHiTs
,2018-11-15 04:23:29,,1062924022017548289,0.0,RT @HinduJagrutiOrg: ‡§µ‡§ø‡§µ‡•á‡§ï‡§µ‡§æ‡§¶ ‡§ï‡§æ ‡§¢‡§ø‡§Ç‡§¢‡•ã‡§∞‡§æ ‡§™‡•Ä‡§ü‡§®‡•á‡§µ‡§æ‡§≤‡•Ä ‡§Ö‡§Ç‡§®‡§ø‡§∏ ‡§ï‡§æ ‡§î‡§∞ ‡§è‡§ï ‡§ò‡•ã‡§ü‡§æ‡§≤‡§æ ! : ‚Äò‡§Ö‡§Ç‡§ß‡§∂‡•ç‡§∞‡§¶‡•ç‡§ß‡§æ ‡§®‡§ø‡§∞‡•ç‡§Æ‡•Ç‡§≤‡§® ‡§µ‡§æ‡§∞‡•ç‡§§‡§æ‡§™‡§§‡•ç‡§∞‚Äô ‡§ï‡•á ‡§¶‡•Ä‡§™‡§æ‡§µ‡§≤‡•Ä ‡§Ö‡§Ç‡§ï ‡§∏‡•á ‡§π‡•ã‡§®‡•á‡§µ‡§æ‡§≤‡•Ä ‡§≤‡§æ‚Ä¶,2012-11-10 23:33:50,,164.0,,nageshjoshi80
,2018-11-15 04:23:31,,1062924031584743425,0.0,@Swamy39 @pGurus1 Idiot swamy is thinks justice will work according to him.,2010-03-01 07:59:02,"Proud Indian, allergic to religious extremist and fundamentalist.",34.0,India,Iam__Aj_
,2018-11-15 04:23:33,,1062924037616295936,0.0,"RT @Swamy39: Why the likes of Chidambaram, Karti, go Scot-free despite charges against them https://t.co/bg0g1HiMLQ via @PGurus1",2014-03-25 12:08:29,"http://B.tech in computer science, work in govt project eNAM,travel boy,foodie,trainer, politics in my blood.",132.0,"Jaipur, India",1988avijain
,2018-11-15 04:23:33,,1062924039621107712,0.0,"RT @Swamy39: @4Species @pGurus1 Why did you not change key bureaucrats and law officers after May 26, 2014? Because of the tyranny of the U‚Ä¶",2018-06-20 09:53:55,,183.0,,simbachikki
,2018-11-15 04:23:46,,1062924091798118400,0.0,"RT @Swamy39: Why the likes of Chidambaram, Karti, go Scot-free despite charges against them https://t.co/bg0g1HiMLQ via @PGurus1",2010-06-12 21:14:40,,166.0,,Arunabh_ch
,2018-11-15 04:23:50,,1062924109640658944,0.0,RT @madhukishwar: 4. I'd like Tweeple to answer: Is it wrong to suggest that @AltNews is for Congress &amp; Left what @OpIndia_com is for BJP?‚Ä¶,2010-04-11 10:06:10,Entrepreneur and writer,10657.0,Agra,VikasSaraswat
,2018-11-15 04:24:00,,1062924153311776769,0.0,RT @RaoSuresh2: A video has emerged of Congress leader Kamal Nath allegedly advising Muslims to be patient assembly elections&amp; ‚Äúwe will dea‚Ä¶,2012-08-25 07:36:17,JaiShriKrishna.Want realization. No hatred. No ego.No expectations.,43916.0,,barotchetan99
,2018-11-15 04:24:10,,1062924192625057792,0.0,Every morning i wake up and find that another inconsequential right winger (i am guessing) who‚Äôs profile I have nev‚Ä¶ https://t.co/tLdbBYt2D1,2013-09-25 23:53:25,Rants on weekdays and football on weekends.,137.0,"Mumbai, India",ishanseth24
,2018-11-15 04:24:32,,1062924286476857344,0.0,RT @nemakal: @Swamy39 @pGurus1 The Indian constitution and law favors rich and powerful.,2018-06-20 09:53:55,,183.0,,simbachikki
,2018-11-15 04:24:45,,1062924341229174784,0.0,"Why the likes of Chidambaram, Karti, go Scot-free despite charges against them https://t.co/w3Gm3RkXxL via @PGurus1",2017-03-04 07:00:59,http://BJP.member.in.pudhucherry..whatsapp.no.7094732741..rmm.member.,3998.0,city-.pudhucherry- ( india)pin.code..605001.,vsarrulmozhy
,2018-11-15 04:25:20,,1062924485001707520,0.0,"‡§¨‡§ø‡§®‡•ç‡§®‡•Ä-‡§Æ‡§π‡§ø‡§≤‡§æ ‡§ï‡•á ‡§¨‡•Ä‡§ö ‡§∏‡§π‡§Æ‡§§‡§ø ‡§∏‡•á ‡§•‡§æ ‡§∏‡§Ç‡§¨‡§Ç‡§ß: 
‡§ú‡§æ‡§Ç‡§ö ‡§∞‡§ø‡§™‡•ã‡§∞‡•ç‡§ü
https://t.co/IzJM9aARLG via @NavbharatTimes #BinnyBansalQuits #BinnyBansal #Flipkart",2009-06-26 06:21:06,"ET Hindi is No. 1 site for Business, Finance and Markets News in Hindi",29484.0,New Delhi,ETHindi
,2018-11-15 04:25:26,,1062924512919015425,0.0,"RT @ETHindi: ‡§¨‡§ø‡§®‡•ç‡§®‡•Ä-‡§Æ‡§π‡§ø‡§≤‡§æ ‡§ï‡•á ‡§¨‡•Ä‡§ö ‡§∏‡§π‡§Æ‡§§‡§ø ‡§∏‡•á ‡§•‡§æ ‡§∏‡§Ç‡§¨‡§Ç‡§ß: 
‡§ú‡§æ‡§Ç‡§ö ‡§∞‡§ø‡§™‡•ã‡§∞‡•ç‡§ü
https://t.co/IzJM9aARLG via @NavbharatTimes #BinnyBansalQuits #BinnyBansa‚Ä¶",2010-03-15 06:49:43,"Latest India News in Hindi, India Breaking News in Hindi, Latest India News, ‡§≠‡§æ‡§∞‡§§ ‡§∏‡§Æ‡§æ‡§ö‡§æ‡§∞, National News",712215.0,"Delhi, India",NavbharatTimes
,2018-11-15 04:25:34,,1062924545357766656,0.0,RT @nasarfaraaz: #OnlineSatyagrah Day9 #JamFreeKhajoori @KNPSS_ @narendramodi_in @sandhyatimes4u @JagranNews @Vinay_NBT @NavbharatTimes @Am‚Ä¶,2017-07-26 01:37:27,Samaj seba,60.0,"New Delhi, India",Manijha7867
,2018-11-15 04:25:35,,1062924549707177984,0.0,@mvsuresh_ @p_pdadu101 @Swamy39 @pGurus1 It is running already!,2018-06-20 09:53:55,,183.0,,simbachikki
,2018-11-15 04:25:43,,1062924581227413504,0.0,"RT @ETHindi: ‡§¨‡§ø‡§®‡•ç‡§®‡•Ä-‡§Æ‡§π‡§ø‡§≤‡§æ ‡§ï‡•á ‡§¨‡•Ä‡§ö ‡§∏‡§π‡§Æ‡§§‡§ø ‡§∏‡•á ‡§•‡§æ ‡§∏‡§Ç‡§¨‡§Ç‡§ß: 
‡§ú‡§æ‡§Ç‡§ö ‡§∞‡§ø‡§™‡•ã‡§∞‡•ç‡§ü
https://t.co/IzJM9aARLG via @NavbharatTimes #BinnyBansalQuits #BinnyBansa‚Ä¶",2012-08-06 04:09:49,INDIA TV ‡§ï‡•á ‡§¨‡§æ‡§¶ NEWS 24 ‡§Æ‡•á‡§Ç ‡§™‡§§‡•ç‡§∞‡§ï‡§æ‡§∞‡§ø‡§§‡§æ ‡§ö‡§æ‡§≤‡•Ç ‡§Ü‡§π‡•á...,335.0,"‡§®‡•ã‡§è‡§°‡§æ, ‡§â‡§§‡•ç‡§§‡§∞ ‡§™‡•ç‡§∞‡§¶‡•á‡§∂",arunpathak1986
,2018-11-15 04:25:45,,1062924593185374208,0.0,".
@pinkvilla
@dna
@smritiirani
@NavbharatTimes
@JagranNews
@ZeeNewsHindi
@ndtvindia
@News18India
@BBCHindi‚Ä¶ https://t.co/A6B45B8qWA",2018-09-19 05:42:43,,2.0,,Pragati59855554
,2018-11-15 04:25:47,,1062924599938039808,0.0,"‚ÄòCelebrity‚Äô lawyer in Kathua rape case attended just 2 out of 110 hearings, removed by victim‚Äôs family‚Ä¶ https://t.co/gymEtYL1cR",2009-06-11 16:39:12,"Hindu, Indian & ‡Æ§‡ÆÆ‡Æø‡Æ¥‡Æ©‡Øç - Proud of all 3 | Corporate Attorney & Company Secretary | RSS | Columnist | Debater | Founder @SixthSenseF | Author #ManOfTheMillennium",23463.0,"Chennai, India",SuryahSG
,2018-11-15 04:25:54,,1062924627490426880,0.0,RT @vivekagnihotri: Urban Naxals by Vivek Agnihotri : The story of ‚Äòan India where success does not lie in money but surviving‚Äô https://t.c‚Ä¶,2015-02-08 19:18:26,"‡§Æ‡•å‡§§ ‡§∏‡•á ‡§µ‡•ã ‡§°‡§∞‡•á ‡§ú‡•ã ‡§ï‡§æ‡§Æ ‡§ï‡§∞‡•á ‡§ö‡§Ç‡§°‡§æ‡§≤ ‡§ï‡§æ, ‡§Ø‡§Æ ‡§â‡§∏‡§ï‡§æ ‡§ï‡•ç‡§Ø‡§æ ‡§¨‡§ø‡§ó‡§æ‡•ú‡•á ‡§ú‡•ã ‡§≠‡§ï‡•ç‡§§ ‡§π‡•à ‡§Æ‡§π‡§æ‡§ï‡§æ‡§≤ ‡§ï‡§æ ‡§π‡§∞ ‡§π‡§∞ ‡§Æ‡§π‡§æ‡§¶‡•á‡§µ...",428.0,"‡§ó‡•Å‡§ú‡§∞‡§æ‡§§, ‡§≠‡§æ‡§∞‡§§",praveenbejoy
,2018-11-15 04:25:55,,1062924632683175936,0.0,"RT @VashiMant: 1 Wahid Khan (65) molested minor Dalit H girl 4 months in Trilokpuri, Delhi
2 Jailed
3 Son Seraj kidnaps girl's 13 yrs old s‚Ä¶",2009-07-30 10:16:45,"Jamia Millia Islamia _ National Institute of design _ summer stint at Instituto Marangoni, London _ colourist at an Indian Automotive giant _ seeker for life",375.0,India,chauhan_neha
,2018-11-15 04:25:55,,1062924633375211521,0.0,"RT @_dontbeserious: @swati_gs @SwarajyaMag &amp; @OpIndia_com are doing great great work.
Good bless the team behind both these media houses.
@‚Ä¶",2013-10-19 20:24:53,"RTs are not endorsements. those are for my future reference. interests: STEM, Logic and Philosophy",1329.0,"Godavari source,Tryambakeshwar",matrimc_brf
,2018-11-15 04:25:55,,1062924633941393408,0.0,RT @c_aashish: All these years media presented you fake news over origins of Children's Day. Here is the truth - the lost legacy of VM Kulk‚Ä¶,2010-05-12 09:08:51,"Music, Football.",77.0,Hindustan,7Notes4Beats
,2018-11-15 04:25:56,,1062924638194417666,0.0,"RT @Swamy39: Why the likes of Chidambaram, Karti, go Scot-free despite charges against them https://t.co/bg0g1HiMLQ via @PGurus1",2010-07-23 16:18:46,,49.0,"Illinois, USA",ChowdharyRahul
,2018-11-15 04:25:56,,1062924639574339584,0.0,"RT @Swamy39: Why the likes of Chidambaram, Karti, go Scot-free despite charges against them https://t.co/bg0g1HiMLQ via @PGurus1",2009-04-12 13:35:49,‡§Ö‡§ß‡•ç‡§Ø‡§ï‡•ç‡§∑.‡§™‡•ç‡§∞‡§ß‡§æ‡§®‡§Æ‡§Ç‡§§‡•ç‡§∞‡•Ä ‡§ú‡§® ‡§ï‡§≤‡•ç‡§Ø‡§æ‡§£‡§ï‡§æ‡§∞‡•Ä ‡§Ø‡•ã‡§ú‡§®‡§æ ‡§è‡§µ‡§Æ ‡§™‡•ç‡§∞‡§ö‡§æ‡§∞ ‡§™‡•ç‡§∞‡§∏‡§æ‡§∞ ‡§Ö‡§≠‡§ø‡§Ø‡§æ‡§®.‡§≤‡§ñ‡§®‡§ä.‡§â‡§™,929.0,India,modi_yug_sewak
,2018-11-15 04:26:04,,1062924670314283009,0.0,RT @Swamy39: Government issues notice to Herald House to vacate by November 15. Congress leadership rushes to Court  https://t.co/QOKj1sOHX‚Ä¶,2015-02-04 06:16:00,,137.0,,RKaleher
,2018-11-15 04:26:12,,1062924704133058561,0.0,"RT @RRkchand: @Swamy39 @pGurus1 Because deep state created by khangress can't easily be cleaned up ,needs at least one more term for NaMo,w‚Ä¶",2018-06-20 09:53:55,,183.0,,simbachikki
,2018-11-15 04:26:12,,1062924706905513984,0.0,"RT @VashiMant: Update 1 

@agniveer's @VaidSatish and @opositiveamit have met victim's family. We have approached authorities. Dangerous tr‚Ä¶",2009-07-30 10:16:45,"Jamia Millia Islamia _ National Institute of design _ summer stint at Instituto Marangoni, London _ colourist at an Indian Automotive giant _ seeker for life",375.0,India,chauhan_neha
,2018-11-15 04:26:17,,1062924727998648320,0.0,RT @Upadhya63627362: @Swamy39 @pGurus1 Something is very rotten in our society and we need to burn it. The link between anti-India forces a‚Ä¶,2018-06-20 09:53:55,,183.0,,simbachikki
,2018-11-15 04:26:24,,1062924753449607169,0.0,"RT @mysuroo: Why many are against GST.

Commercial Tax officers say : this is tip of the iceberg 
Rs 1,200-crore GST fraud busted in Bengal‚Ä¶",2012-04-24 15:32:56,My BJP Membership No - 1000170043,533.0,Gurgaon,vicky20680
,2018-11-15 04:26:48,,1062924855807524865,0.0,"RT @c_aashish: Dear Shashi Tharoor, today a ‚Äòchaiwala‚Äô is the Prime Minister, not because of, but despite Jawaharlal Nehru - @nirwamehta -‚Ä¶",2014-02-05 08:06:19,"Farmer by Birth, Nation First.",115.0,"Mumbai, India",rajbhosale99
,2018-11-15 04:26:50,,1062924863705399297,0.0,"RT @VashiMant: Update 4 (Trilokpuri, Delhi minor Dalit H girl kidnap)

@agniveer Team at NCSC hearing w/ victim's family

1. Police ordered‚Ä¶",2009-07-30 10:16:45,"Jamia Millia Islamia _ National Institute of design _ summer stint at Instituto Marangoni, London _ colourist at an Indian Automotive giant _ seeker for life",375.0,India,chauhan_neha
,2018-11-15 04:26:56,,1062924890381148161,0.0,"RT @IndiaExplained: As long as @OpIndia_com and the @bjpitc BJP IT-Social Media cell are in existence, Twitter will never be defecation-free",2010-01-05 06:30:37,Hola........:),1185.0,India,iammsk
,2018-11-15 04:27:11,,1062924951336955904,0.0,RT @Catie81937515: CJI rebukes Prashant Bhushan druing the hearing of Rafale deal case https://t.co/PpqHfli7k0 #CJI #PrashantBhushan #Rafal‚Ä¶,2018-10-22 05:41:52,,16.0,,hinduvahini9609
,2018-11-15 04:27:17,,1062924978033704960,0.0,RT @3101gp: @Swamy39 @pGurus1 Even today i fail to understand how court can give reluef from arrest week after week when the top investigat‚Ä¶,2018-06-20 09:53:55,,183.0,,simbachikki
,2018-11-15 04:27:18,,1062924983217860608,0.0,RT @madhukishwar: 2. In 1st panel @AltNews presented themselves as Fake News Buster. My saying @OpIndia_com does for BJP what @AltNews does‚Ä¶,2018-06-27 17:41:36,,82.0,,pkr567
,2018-11-15 04:27:30,,1062925031657721856,0.0,"RT @ETHindi: ‡§¨‡§ø‡§®‡•ç‡§®‡•Ä-‡§Æ‡§π‡§ø‡§≤‡§æ ‡§ï‡•á ‡§¨‡•Ä‡§ö ‡§∏‡§π‡§Æ‡§§‡§ø ‡§∏‡•á ‡§•‡§æ ‡§∏‡§Ç‡§¨‡§Ç‡§ß: 
‡§ú‡§æ‡§Ç‡§ö ‡§∞‡§ø‡§™‡•ã‡§∞‡•ç‡§ü
https://t.co/IzJM9aARLG via @NavbharatTimes #BinnyBansalQuits #BinnyBansa‚Ä¶",2011-07-05 18:34:44,‡§®‡§∂‡•á ‡§Æ‡•á‡§Ç ‡§ú‡•Ä‡§®‡§æ ‡§≠‡§ï‡•ç‡§≤‡•ã‡§≤‡•Ä,84.0,,pandasaurabh420
,2018-11-15 04:27:39,,1062925070069202944,0.0,Nice to see you are back! https://t.co/D46w8mK6eI,2017-06-04 14:28:41,"An explorer of human behaviour. interested in Indian philosophy & history. Believes in peace, non violence and vasudhaiva kutumbakam.",75.0,"Bengaluru, India",95bac2b083c44e3
,2018-11-15 04:27:40,,1062925075568041984,0.0,RT @arunrao64str: @swati_gs Good one and a must read! Time @BJP4India @narendramodi support @SwarajyaMag @OpIndia_com to counter such anti-‚Ä¶,2013-10-19 20:24:53,"RTs are not endorsements. those are for my future reference. interests: STEM, Logic and Philosophy",1329.0,"Godavari source,Tryambakeshwar",matrimc_brf
,2018-11-15 04:27:58,,1062925147974352897,0.0,"RT @Swamy39: Why the likes of Chidambaram, Karti, go Scot-free despite charges against them https://t.co/bg0g1HiMLQ via @PGurus1",2011-06-28 16:40:57,"Proud of my heritage and culture, and Sanatan Dharm. Avid BJP follower. Unabashed Modi bhakt! Passionate about politics. Proud Bharatvasi.",338.0,,UshaDravid
,2018-11-15 04:28:01,,1062925161064730624,0.0,RT @HinduJagrutiOrg: ‡§µ‡§ø‡§µ‡•á‡§ï‡§µ‡§æ‡§¶ ‡§ï‡§æ ‡§¢‡§ø‡§Ç‡§¢‡•ã‡§∞‡§æ ‡§™‡•Ä‡§ü‡§®‡•á‡§µ‡§æ‡§≤‡•Ä ‡§Ö‡§Ç‡§®‡§ø‡§∏ ‡§ï‡§æ ‡§î‡§∞ ‡§è‡§ï ‡§ò‡•ã‡§ü‡§æ‡§≤‡§æ ! : ‚Äò‡§Ö‡§Ç‡§ß‡§∂‡•ç‡§∞‡§¶‡•ç‡§ß‡§æ ‡§®‡§ø‡§∞‡•ç‡§Æ‡•Ç‡§≤‡§® ‡§µ‡§æ‡§∞‡•ç‡§§‡§æ‡§™‡§§‡•ç‡§∞‚Äô ‡§ï‡•á ‡§¶‡•Ä‡§™‡§æ‡§µ‡§≤‡•Ä ‡§Ö‡§Ç‡§ï ‡§∏‡•á ‡§π‡•ã‡§®‡•á‡§µ‡§æ‡§≤‡•Ä ‡§≤‡§æ‚Ä¶,2017-01-15 15:03:08,,16.0,,Srushti2023
,2018-11-15 04:28:12,,1062925207201996800,0.0,RT @malapatiraja: @mysuroo @KiranKS @Kaalateetham @shakkuiyer @muglikar_ @KanchanGupta @OpIndia_com @pGurus1 @DeccanHerald The most importa‚Ä¶,2016-04-15 14:56:03,"Devotee of Maa Shakthi; Dharmic; Simple living; Vegetarian; Small Village upbringing;

BIGGEST WEAKNESS: Loves sharing ideas to solve India's biggest issues",97.0,,malapatiraja
,2018-11-15 04:28:15,,1062925220485521410,0.0,"RT @rvaidya2000: Why the likes of Chidambaram, Karti, go Scot-free despite charges against them https://t.co/HWZuRXsqOl via @PGurus1",2011-12-06 04:57:41,"Views r mine, re-tweets r not. nothing to do with profession. Laughter is the best medicine, tears r best soul-cleanser, music best purifier.",7802.0,India,DebashishHiTs
,2018-11-15 04:28:16,,1062925226693050368,0.0,‡§ú‡•á‡§µ‡§∞ ‡§è‡§Ø‡§∞‡§™‡•ã‡§∞‡•ç‡§ü ‡§ï‡•ã ‡§≤‡•á‡§ï‡§∞ ‡§°‡•Ä‡§è‡§Æ ‡§®‡•á ‡§≤‡•Ä ‡§Æ‡•Ä‡§ü‡§ø‡§Ç‡§ó https://t.co/SCbgcV1fZg via @NavbharatTimes,2010-05-06 04:14:44,,17.0,"Noida, India",vimleshky
,2018-11-15 04:28:20,,1062925242094383104,0.0,"RT @Swamy39: Why the likes of Chidambaram, Karti, go Scot-free despite charges against them https://t.co/bg0g1HiMLQ via @PGurus1",2010-05-11 18:52:50,‡§∞‡§æ‡§∑‡•ç‡§ü‡•ç‡§∞ ‡§ú‡§ø‡§®‡§ï‡•á ‡§≤‡§ø‡§Ø‡•á ‡§∏‡§∞‡§µ‡§æ‡•á‡§™‡§∞‡§ø ‡§â‡§®‡§ï‡•á ‡§®‡•á‡§§‡•É‡§§‡•ç‡§µ ‡§™‡•á ‡§π‡§Æ‡•á‡§Ç ‡§µ‡§ø‡§∂‡§µ‡§æ‡§∏ Inspired by Dr @Swamy39 & PM @narendramodi ‡§ú‡•Ä Views on #IndiaFirst   üáÆüá±ü§ùüáÆüá≥ü§ùüá∫üá∏,2863.0,‚ú® ‡•ê  ‡§µ‡§®‡•ç‡§¶‡•á ‡§Æ‡§æ‡§§‡§∞‡§Æ‡•ç  ‡•ê  ‡§≠‡§æ‡§∞‡§§ ‚ú®,vishalnautamlal
,2018-11-15 04:28:28,,1062925274709319680,0.0,"RT @Swamy39: Why the likes of Chidambaram, Karti, go Scot-free despite charges against them https://t.co/bg0g1HiMLQ via @PGurus1",2014-08-11 18:26:21,,422.0,,Padagotti
,2018-11-15 04:28:31,,1062925288613437441,0.0,"@Live_Hindustan ‡§∞‡§æ‡§Æ ‡§®‡§æ‡§Æ ‡§ï‡•Ä ‡§≤‡•Ç‡§ü ‡§π‡•à , ‡§≤‡•Ç‡§ü ‡§∏‡§ï‡•á ‡§§‡•ã ‡§≤‡•Ç‡§ü ‡•§
‡§ú‡§π‡§æ‡§Å ‡§Æ‡§ø‡§≤‡•á ‡§µ‡§π‡§æ‡§Å ‡§≤‡•Ç‡§ü , ‡§∞‡•á‡§≤ ‡§Æ‡•á‡§Ç ‡§≤‡•Ç‡§ü",2018-08-01 16:29:18,,51.0,"Uttar Pradesh, India",Dineshkumar2193
,2018-11-15 04:28:53,,1062925381911502848,0.0,"RT @Swamy39: Why the likes of Chidambaram, Karti, go Scot-free despite charges against them https://t.co/bg0g1HiMLQ via @PGurus1",2009-08-11 11:33:52,"Loves to travel, read, blog and make friends. Music is a passion. A Modi Bhakt, A Nationalist. Retweets are not endorsement.Bharat Mata Ki Jai",1264.0,,Bawachi64
,2018-11-15 04:28:54,,1062925385749422080,0.0,"@Swamy39 @pGurus1 Judiciary, main culprit for not taking action on time.",2018-09-23 11:09:17,Male,10.0,"Mohali, India",PrabhatGoel18
,2018-11-15 04:28:55,,1062925390698565633,0.0,@Swamy39 @pGurus1 PC family got a relief from Madras HC on non disclosure of his foreign assets which he declared i‚Ä¶ https://t.co/7SkFwpJ1xE,2018-01-14 08:34:16,purpose of tweet is to make a point across without any intention to hurt anybody. Work towards making better india. Retweet does not mean endorsement.,6.0,"Mumbai, India",indiafirst_19
,2018-11-15 04:29:02,,1062925416711811072,0.0,RT @RaoSuresh2: A video has emerged of Congress leader Kamal Nath allegedly advising Muslims to be patient assembly elections&amp; ‚Äúwe will dea‚Ä¶,2014-04-13 04:33:14,"‡§è‡§ï ‡§π‡§æ‡§Å‡§• ‡§Æ‡•á‡§Ç ‡§§‡§ø‡§∞‡§Ç‡§ó‡§æ ‡§¶‡•Ç‡§∏‡§∞‡•á ‡§π‡§æ‡§Å‡§• ‡§Æ‡•á‡§Ç ‡§≠‡§ó‡§µ‡§æ ‡§≤‡§π‡§∞‡§æ‡§Ø‡•á‡§Ç‡§ó‡•á!!
‡§§‡•Å‡§Æ ‡§Ü‡§®‡§æ ‡§§‡•Å‡§Æ‡§ï‡•ã ‡§≠‡•Ä ‡§¶‡•á‡§∂‡§≠‡§ï‡•ç‡§§‡§ø ‡§∏‡•Ä‡§ñ‡§æ‡§Ø‡•á‡§Ç‡§ó‡•á ‡•§‡•§
catch me on fb- http://facebook.com/ashish.trinity",323.0,"Delhi,India",ashishguptaVits
,2018-11-15 04:29:02,,1062925419312234497,0.0,".
@smritiirani
@NavbharatTimes
@JagranNews
@ZeeNewsHindi
@ndtvindia
@News18India
@BBCHindi
@AmarUjalaNews‚Ä¶ https://t.co/Mf0Ehvywgb",2018-09-19 05:45:10,,2.0,,Sushil97870882
,2018-11-15 04:29:23,,1062925505123385344,0.0,"RT @Swamy39: Why the likes of Chidambaram, Karti, go Scot-free despite charges against them https://t.co/bg0g1HiMLQ via @PGurus1",2017-11-05 14:06:46,"#Om #Nation1st #OSHO
‡§¶‡•á‡§π‡§ø ‡§∂‡§ø‡§µ‡§æ ‡§µ‡§∞ ‡§Æ‡•ã‡§π‡§ø ‡§á‡§π‡•à ‡§∂‡•Å‡§≠ ‡§ï‡§∞‡•ç‡§Æ‡§® ‡§§‡•á ‡§ï‡§¨‡§π‡•Ç‡§Ç ‡§® ‡§ü‡§∞‡•å‡§Ç‡•§ ‡§® ‡§°‡§∞‡•å‡§Ç ‡§Ö‡§∞‡§ø ‡§§‡•á ‡§ú‡§¨ ‡§ú‡§æ‡§Ø ‡§≤‡§∞‡•å‡§Ç ‡§®‡§ø‡§∂‡•ç‡§ö‡§Ø ‡§ï‡§∞ ‡§Ö‡§™‡§®‡•Ä ‡§ú‡•Ä‡§§ ‡§ï‡§∞‡•å‡§Ç‡•§#GuruGovindSingh",1729.0,India,DimensionlessOm
,2018-11-15 04:29:33,,1062925548119191552,0.0,@RaoSuresh2 @RajivRanjanRa16 @OpIndia_com Does this NOT stand a Legal Proceedings @ippatel @Swamy39 @AshwiniBJP @HMOIndia @PMOIndia,2010-02-22 08:33:42,#DivyaBhavyaShresthAkhandBhaarat,154.0,,ProfBurraPrasad
,2018-11-15 04:29:38,,1062925567534583808,0.0,"RT @SuryahSG: ‚ÄòCelebrity‚Äô lawyer in Kathua rape case attended just 2 out of 110 hearings, removed by victim‚Äôs family https://t.co/s3Cgxkx73‚Ä¶",2016-06-06 12:07:10,‡Æ®‡Æø‡Æ≤‡Øà ‡Æá‡Æ≤‡Øç‡Æ≤‡Ææ‡Æ§ ‡Æ®‡ØÄ‡Æ∞‡Øç‡Æï‡Øç‡Æï‡ØÅ‡ÆÆ‡Æø‡Æ¥‡Æø ‡Æ™‡Øã‡Æ©‡Øç‡Æ±‡Æ§‡ØÅ ‡Æ§‡Ææ‡Æ©‡Øç ‡Æ™‡Øä‡ÆØ‡Øç‡Æï‡Æ≥‡Øç. ‡ÆÖ‡Æµ‡Øà ‡Æâ‡Æü‡Øà‡Æ®‡Øç‡Æ§‡ØÅ ‡Æâ‡Æ£‡Øç‡ÆÆ‡Øà ‡Æµ‡ØÜ‡Æ≥‡Æø ‡Æµ‡Æ∞‡ØÅ‡ÆÆ‡Øç ‡Æµ‡Æ∞‡Øà ‡Æè‡Æ©‡Øç ‡Æï‡Ææ‡Æ§‡Øç‡Æ§‡Æø‡Æ∞‡ØÅ‡Æï‡Øç‡Æï ‡Æµ‡Øá‡Æ£‡Øç‡Æü‡ØÅ‡ÆÆ‡Øç. ‡Æé‡Æ≥‡Æø‡Æ§‡Æø‡Æ≤‡Øç ‡Æ®‡Ææ‡ÆÆ‡Øç ‡Æâ‡Æü‡Øà‡Æ™‡Øç‡Æ™‡Øã‡ÆÆ‡Øç,1334.0,,pragashrgoundar
,2018-11-15 04:29:41,,1062925580532822017,0.0,"RT @Swamy39: Why the likes of Chidambaram, Karti, go Scot-free despite charges against them https://t.co/bg0g1HiMLQ via @PGurus1",2014-08-26 03:21:31,,356.0,,PaPrakash71
,2018-11-15 04:29:42,,1062925586853580800,0.0,@YssMumbaiThane @YssHeadOffice @AsaramBapuJi @AmarUjalaNews @DainikBhaskar @htTweets @postcard_news @ZeeNews‚Ä¶ https://t.co/C0a26a4ufz,2010-09-02 04:33:01,,94.0,"New Delhi, India",vineet_world
,2018-11-15 04:29:46,,1062925602666303488,0.0,"RT @Swamy39: Why the likes of Chidambaram, Karti, go Scot-free despite charges against them https://t.co/bg0g1HiMLQ via @PGurus1",2011-08-20 15:47:00,MUFC fan and in medicine by profession. Views are personal. Hindu Nationalist. Ardent fan of Dr Swamy and PM Modi. New York.,233.0,,abhicm03
,2018-11-15 04:29:59,,1062925655275257856,0.0,"RT @Swamy39: Why the likes of Chidambaram, Karti, go Scot-free despite charges against them https://t.co/bg0g1HiMLQ via @PGurus1",2018-03-02 06:31:46,"@narendraModi üôè Legend

|
|
  



Blocked by @msisodia @hvgoenka





















[views expressed are personal ]",122.0,India,pra__jit
,2018-11-15 04:30:03,,1062925672405000192,0.0,RT @AartiTikoo: This won‚Äôt make to @AltNews because it‚Äôs fact checking tools stop functioning when it comes to Islamists. It is here to def‚Ä¶,2011-08-21 14:15:06,"Radiologist by profession. Interested in geopolitics, military, strategic planning for India's development and anything weird.",126.0,,DrRushilJain
,2018-11-15 04:30:04,,1062925679228936192,0.0,RT @ProfBurraPrasad: @RaoSuresh2 @RajivRanjanRa16 @OpIndia_com Does this NOT stand a Legal Proceedings @ippatel @Swamy39 @AshwiniBJP @HMOIn‚Ä¶,2018-10-16 05:02:24,"#Modi Brigade #IABM #OnlySaffron üî±#VIBGOYR co‡§á‡§Ç‡§∏‡§æ‡§® ‡§™‡§π‡§≤‡•á ‡§¨‡§æ‡§¶ ‡§Æ‡•á‡§Ç ‡§¨‡•ç‡§∞‡§æ‡§π‡•ç‡§Æ‡§£üïâÔ∏è
No matter what people tell you, words and ideas can change the world.",810.0,Hyderabad‡±º‡∞µ‡∞∞‡∞Ç‡∞ó‡∞≤‡±ç‡±º‡§≠‡§æ‡§∞‡§§,RaoSuresh2
,2018-11-15 04:30:07,,1062925690843095041,0.0,"RT @Swamy39: Why the likes of Chidambaram, Karti, go Scot-free despite charges against them https://t.co/bg0g1HiMLQ via @PGurus1",2016-03-19 14:46:53,,140.0,Mumbai,DrSurendraShet1
,2018-11-15 04:30:10,,1062925704063524864,0.0,RT @madhukishwar: 2. In 1st panel @AltNews presented themselves as Fake News Buster. My saying @OpIndia_com does for BJP what @AltNews does‚Ä¶,2017-03-02 09:12:20,Nationalist,521.0,India,dharsharma91
,2018-11-15 04:30:11,,1062925705464315904,0.0,RT @madhukishwar: 4. I'd like Tweeple to answer: Is it wrong to suggest that @AltNews is for Congress &amp; Left what @OpIndia_com is for BJP?‚Ä¶,2012-05-16 04:51:53,"‡§ú‡•ã ‡§≠‡§∞‡§æ ‡§®‡§π‡•Ä‡§Ç ‡§π‡•à ‡§≠‡§æ‡§µ‡•ã‡§Ç ‡§∏‡•á, ‡§¨‡§π‡§§‡•Ä ‡§ú‡§ø‡§∏‡§Æ‡•á‡§Ç ‡§∞‡§∏‡§ß‡§æ‡§∞ ‡§®‡§π‡•Ä‡§Ç, 
‡§µ‡§π ‡§π‡•ç‡§∞‡§¶‡§Ø ‡§®‡§π‡•Ä‡§Ç ‡§π‡•à ‡§™‡§§‡•ç‡§•‡§∞ ‡§π‡•à ‡§ú‡§ø‡§∏‡§Æ‡•á‡§Ç ‡§∏‡•ç‡§µ‡§¶‡•á‡§∂ ‡§ï‡§æ ‡§™‡•ç‡§Ø‡§æ‡§∞ ‡§®‡§π‡•Ä‡§Ç‡•§",18334.0,‡§¨‡•á‡§Ç‡§ó‡§≤‡•Å‡§∞‡•Å-‡§ï‡§∞‡•ç‡§®‡§æ‡§ü‡§ï-‡§≠‡§æ‡§∞‡§§‡§µ‡§∞‡•ç‡§∑ ,Aryavart_Bhumi
,2018-11-15 04:30:12,,1062925711546245120,0.0,"@Swamy39 @pGurus1 Dr. Swamy
3 reasons why likes of Chidambaram, Karti, go scot free inspite of charges against them‚Ä¶ https://t.co/MzPkcUWbOp",2014-10-22 05:44:42,"American NRI, Achiever, fighting Salman & Atyachar in Mumbai India, fan & healthy critic of NaMo...",16.0,"Mumbai, India",krkakkad
,2018-11-15 04:30:27,,1062925774993338369,0.0,"RT @Swamy39: Why the likes of Chidambaram, Karti, go Scot-free despite charges against them https://t.co/bg0g1HiMLQ via @PGurus1",2015-05-01 21:07:33,For nation.,246.0,,santosh88641577
,2018-11-15 04:30:28,,1062925777837027328,0.0,"RT @SuryahSG: ‚ÄòCelebrity‚Äô lawyer in Kathua rape case attended just 2 out of 110 hearings, removed by victim‚Äôs family https://t.co/s3Cgxkx73‚Ä¶",2010-02-05 10:35:08,A down to earth Person who loves India & it's People.,1807.0,India,yeskaytweets
,2018-11-15 04:30:32,,1062925796195495937,0.0,"RT @SuryahSG: ‚ÄòCelebrity‚Äô lawyer in Kathua rape case attended just 2 out of 110 hearings, removed by victim‚Äôs family https://t.co/s3Cgxkx73‚Ä¶",2016-12-31 04:26:33,,3962.0,,cosmicblinker
,2018-11-15 04:30:34,,1062925802981998593,0.0,"RT @mysuroo: Why many are against GST.

Commercial Tax officers say : this is tip of the iceberg 
Rs 1,200-crore GST fraud busted in Bengal‚Ä¶",2014-04-22 16:23:18,,326.0,,intent56
,2018-11-15 04:30:37,,1062925817217462273,0.0,"RT @Swamy39: Why the likes of Chidambaram, Karti, go Scot-free despite charges against them https://t.co/bg0g1HiMLQ via @PGurus1",2012-02-10 08:11:08,"Love to clean this blog of EVILS,PAID Blogers & EXPOSE PAID MEDIA.HATE SYCOPHANTS of CORRUPT POLITICIANS. RT not endorsement",3273.0,Mumbai,GHOSTBUSTOR
,2018-11-15 04:30:44,,1062925846455889925,0.0,RT @c_aashish: All these years media presented you fake news over origins of Children's Day. Here is the truth - the lost legacy of VM Kulk‚Ä¶,2012-06-18 10:17:24,Hey there! Twitter is using me.,6311.0,India ,Purpleshadow__
,2018-11-15 04:31:37,,1062926068946857984,0.0,@agniveer #populationjihad  #PopulationJihad,2011-02-04 05:29:10,"Son of Farmer #EkWarrior ¬Æ
‡§ï‡•ç‡§∑‡§§‡•ç‡§∞‡§ø‡§Ø‡§§‡§æ ‡§π‡•Ä ‡§™‡§π‡§ö‡§æ‡§® ‡§π‡•à‡§Ç ,,‡§ß‡§æ‡§∞‡•ç‡§Æ‡§ø‡§ï‡§§‡§æ ‡§π‡•Ä ‡§Ü‡§® ‡§π‡•à‡§Ç ,,‡§Æ‡§®‡•Å‡§∑‡•ç‡§Ø‡§§‡§æ ‡§π‡•Ä ‡§∂‡§æ‡§® ‡§π‡•à‡§Ç
Don't judge indian defence forces ever ‚óè",894.0,Delhi,aryasby
,2018-11-15 04:31:37,,1062926069844430849,0.0,RT @RaoSuresh2: A video has emerged of Congress leader Kamal Nath allegedly advising Muslims to be patient assembly elections&amp; ‚Äúwe will dea‚Ä¶,2018-04-21 05:50:23,I am die hard supporter of Our Prime Minister Shri Narendra Modiji. Karyakarta of Bhartiy Janta Party. Pro hindu and Nationalis,916.0,"Delhi, India",RajeevS27545206
,2018-11-15 04:31:41,,1062926084579090434,0.0,"RT @mysuroo: Why many are against GST.

Commercial Tax officers say : this is tip of the iceberg 
Rs 1,200-crore GST fraud busted in Bengal‚Ä¶",2015-05-29 13:41:56,Proud Indian - RT's r not endorsements,1880.0,,NPIswaran
,2018-11-15 04:31:55,,1062926143844573185,0.0,"RT @mysuroo: Why many are against GST.

Commercial Tax officers say : this is tip of the iceberg 
Rs 1,200-crore GST fraud busted in Bengal‚Ä¶",2013-05-01 09:08:09,Part time tweeter....RTs/Likes are not endorsements,363.0,"Vijayawada, India",chaitoo154
,2018-11-15 04:31:56,,1062926146650718209,0.0,Washington Post publishes ‚ÄòRising hate in India‚Äô story based on fake data https://t.co/5JrTpR5cLZ via @opindia_com,2013-11-21 03:56:15,"‡§µ‡§ø‡§¶‡•ç‡§Ø‡§æ ‡§¶‡§¶‡§æ‡§§‡§ø ‡§µ‡§ø‡§®‡§Ø‡§Ç ‡§µ‡§ø‡§®‡§Ø‡§æ‡§¶‡•ç ‡§Ø‡§æ‡§§‡§ø ‡§™‡§æ‡§§‡•ç‡§∞‡§§‡§æ‡§Æ‡•ç‡•§ ‡§™‡§æ‡§§‡•ç‡§∞‡§§‡•ç‡§µ‡§æ‡§¶‡•ç‡§ß‡§®‡§Æ‡§æ‡§™‡•ç‡§®‡•ã‡§§‡§ø ‡§ß‡§®‡§æ‡§¶‡•ç‡§ß‡§∞‡•ç‡§Æ‡§Ç ‡§§‡§§‡§É ‡§∏‡•Å‡§ñ‡§Æ‡•ç‡•• ‡Æï‡Æ±‡Øç‡Æ±‡Æ§‡ØÅ ‡Æï‡Øà‡ÆÆ‡Æ£‡Øç ‡ÆÖ‡Æ≥‡Æµ‡ØÅ, ‡Æï‡Æ≤‡Øç‡Æ≤‡Ææ‡Æ§‡Æ§‡ØÅ ‡Æâ‡Æ≤‡Æï‡Æ≥‡Æµ‡ØÅ | ‡§ß‡§∞‡•ç‡§Æ‡•ã ‡§∞‡§ï‡•ç‡§∑‡§§‡§ø ‡§∞‡§ï‡•ç‡§∑‡§ø‡§§:",250.0,"Not RW nor LW, but w/ Dharma. RTs may not be endorsements",intellisurfer
,2018-11-15 04:32:02,,1062926173108355072,0.0,RT @madhukishwar: 4. I'd like Tweeple to answer: Is it wrong to suggest that @AltNews is for Congress &amp; Left what @OpIndia_com is for BJP?‚Ä¶,2012-03-09 13:24:21,Love my country unconditionally. RTs are Interesting & thought provoking tweets only and not endorsements.,272.0,Delhi / Pune,vinvani
,2018-11-15 04:32:12,,1062926213281329152,0.0,RT @DrShobha: Towering resentment: Why the British are sulking over the Statue of Unity | IndiaFacts https://t.co/bu7HCaTZuJ via @IndiaFact‚Ä¶,2015-11-03 14:40:39,,157.0,,KaranSi40138191
,2018-11-15 04:32:23,,1062926259208970241,0.0,"RT @Swamy39: Why the likes of Chidambaram, Karti, go Scot-free despite charges against them https://t.co/bg0g1HiMLQ via @PGurus1",2009-08-07 15:25:14,"MA, MBA (Mktg.), ex-National Herald Executive,
If I call a spade, a spade, then it must be a spade! And finally, a proud Indian Hindu! RTs aren't endorsement.",389.0,India that is ‡§≠‡§æ‡§∞‡§§ üáÆüá≥,zapatta091
,2018-11-15 04:32:28,,1062926283804307456,0.0,"#PaperCuttingUpp #UPPolice 
‡§è‡§ü‡§æ ~ ‡§•‡§æ‡§®‡§æ ‡§ï‡•ã‡§§‡§µ‡§æ‡§≤‡•Ä ‡§¶‡•á‡§π‡§æ‡§§ ‡§™‡•Å‡§≤‡§ø‡§∏ ‡§¶‡•ç‡§µ‡§æ‡§∞‡§æ ‡§µ‡§æ‡§π‡§® ‡§ö‡•ã‡§∞ ‡§ó‡§ø‡§∞‡•ã‡§π ‡§ï‡§æ ‡§≠‡§Ç‡§°‡§æ‡§´‡•ã‡§°‡§º ‡§ï‡§∞ ‡§¶‡•ã ‡§∂‡§æ‡§§‡§ø‡§∞ ‡§ö‡•ã‡§∞‡•ã‡§Ç ‡§ï‡•Ä‚Ä¶ https://t.co/HxZLIsDnyk",2013-06-21 06:46:43,#Police~Official Twitter account of Etah Police. Pls do not report crime here. Not monitored 24/7. Dial 100 in case of emergency.,10357.0,"Etah, UP, India",Etahpolice
,2018-11-15 04:33:07,,1062926446530715649,0.0,"RT @Etahpolice: #PaperCuttingUpp #UPPolice 
‡§è‡§ü‡§æ ~ ‡§•‡§æ‡§®‡§æ ‡§ï‡•ã‡§§‡§µ‡§æ‡§≤‡•Ä ‡§¶‡•á‡§π‡§æ‡§§ ‡§™‡•Å‡§≤‡§ø‡§∏ ‡§¶‡•ç‡§µ‡§æ‡§∞‡§æ ‡§µ‡§æ‡§π‡§® ‡§ö‡•ã‡§∞ ‡§ó‡§ø‡§∞‡•ã‡§π ‡§ï‡§æ ‡§≠‡§Ç‡§°‡§æ‡§´‡•ã‡§°‡§º ‡§ï‡§∞ ‡§¶‡•ã ‡§∂‡§æ‡§§‡§ø‡§∞ ‡§ö‡•ã‡§∞‡•ã‡§Ç ‡§ï‡•Ä ‡§π‡•Å‡§à ‡§ó‡§ø‡§∞‡§´‡•ç‚Ä¶",2013-05-10 04:54:38,#Police~Official Twitter account of Fatehpur Police. Pls do not report crime here. Not monitored 24/7. Dial 100 in case of emergency.,10721.0,"Fatehpur, India",fatehpurpolice
,2018-11-15 04:33:13,,1062926469238870016,0.0,"@BlueTiick @Nestle cc to @NavbharatTimes , please verify the news",2010-04-17 20:00:37,,3456.0,‡§â‡§¶‡§Ø‡§™‡•Å‡§∞ ,FasterMK
,2018-11-15 04:33:44,,1062926600625246211,0.0,"RT @Swamy39: Why the likes of Chidambaram, Karti, go Scot-free despite charges against them https://t.co/bg0g1HiMLQ via @PGurus1",2010-04-16 18:48:11,Engineer By Profession ||| Aircraft Freak |||  üáÆüá≥,190.0,"Bengaluru, India",Saurav564
,2018-11-15 04:33:51,,1062926630706991104,0.0,"@rvaidya2000 @pGurus1 Professor

With due respect you promote pgurus which is no problem but isn't there a problem‚Ä¶ https://t.co/EasI0UlxNF",2012-04-23 15:21:02,"Proud to have India's best Defense Minister Nirmalaji on my TL. waiting for real change. Proud Indian, Hindu and cheated by NSEL scam. Blocked by #presstitutes.",574.0,Mera Bharat,akron_88
,2018-11-15 04:34:06,,1062926693713629185,0.0,"RT @mysuroo: Why many are against GST.

Commercial Tax officers say : this is tip of the iceberg 
Rs 1,200-crore GST fraud busted in Bengal‚Ä¶",2012-02-29 19:37:47,"Nationalist.Proud IndianüáÆüá≥
Software Developer.",626.0,‡§≠‡§æ‡§∞‡§§,mksoni281
,2018-11-15 04:34:36,,1062926817550524417,0.0,"RT @SuryahSG: ‚ÄòCelebrity‚Äô lawyer in Kathua rape case attended just 2 out of 110 hearings, removed by victim‚Äôs family https://t.co/s3Cgxkx73‚Ä¶",2018-03-28 20:32:10,,118.0,,kiranp4912
,2018-11-15 04:34:51,,1062926880100311040,0.0,@FasterMK @Nestle @NavbharatTimes ‡§á‡§∏ ‡§¨‡•á‡§ö‡§æ‡§∞‡•á ‡§ï‡•ã ‡§ñ‡•Å‡§¶ ‡§ï‡•Å‡§õ ‡§®‡§π‡•Ä ‡§™‡§§‡§æ ‡§ï‡§ø ‡§â‡§∏‡§ï‡•Ä ‡§ï‡§Æ‡•ç‡§™‡§®‡•Ä ‡§ï‡•Ä ‡§µ‡•á‡§¨‡§∏‡§æ‡§á‡§ü ‡§™‡•á ‡§ö‡§≤ ‡§ï‡•ç‡§Ø‡§æ ‡§∞‡§π‡§æ..‡§ï‡§≤ ‡§ï‡•ã ‡§ï‡•ã‡§à‚Ä¶ https://t.co/tKVxFHa6KF,2014-11-04 11:13:02,Proudly followed by @narendramodi @realDonaldTrump @PutinRF_Eng @aamir_khan @BeingSalmanKhan @SrBachchan @RahulGandhi @iamsrk @AmitShah ‡§Ø‡•á ‡§∏‡§¨ ‡§Ö‡§´‡§µ‡§æ‡§π ‡§π‡•à üò≥,5902.0,,BlueTiick
,2018-11-15 04:34:59,,1062926913469988864,0.0,RT @Mahendra25Mahi: @NavbharatTimes ‡§õ‡§§‡•ç‡§§‡•Ä‡§∏‡§ó‡§¢‡§º ‡§ï‡•á ‡§Ø‡•Å‡§µ‡§æ‡§ì‡§Ç ‡§ß‡•ç‡§Ø‡§æ‡§® ‡§¶‡•ã #SscScam ‡§Æ‡•á‡§Ç ‡§Ø‡§π‡•Ä #bjp ‡§∏‡§∞‡§ï‡§æ‡§∞ ‡§π‡§Æ‡§æ‡§∞‡•á ‡§∏‡§ï‡§§ ‡§ï‡•ç‡§Ø‡§æ ‡§ï‡•Ä ‡§Ö‡§¨ ‡§π‡§Æ‡§æ‡§∞‡§æ ‡§∏‡§Æ‡§Ø ‡§Ü ‡§ó‡§Ø‡§æ ‡§π‡•à ‡§á‡§®‡§ï‡•ã ‡§∏‚Ä¶,2016-03-17 15:39:27,,131.0,,sanjeev19871007
,2018-11-15 04:35:10,,1062926962543353857,0.0,"@IndiaExplained @OpIndia_com @bjpitc @swachhbharat 0
Divisive politics 1",2018-10-11 10:28:52,Brains? Nah we lovs Rafael 1ly,18.0,"Hell, MI",brickbrainbhakt
,2018-11-15 04:35:12,,1062926969438945280,0.0,"RT @Etahpolice: #PaperCuttingUpp #UPPolice 
‡§è‡§ü‡§æ ~ ‡§•‡§æ‡§®‡§æ ‡§ï‡•ã‡§§‡§µ‡§æ‡§≤‡•Ä ‡§¶‡•á‡§π‡§æ‡§§ ‡§™‡•Å‡§≤‡§ø‡§∏ ‡§¶‡•ç‡§µ‡§æ‡§∞‡§æ ‡§µ‡§æ‡§π‡§® ‡§ö‡•ã‡§∞ ‡§ó‡§ø‡§∞‡•ã‡§π ‡§ï‡§æ ‡§≠‡§Ç‡§°‡§æ‡§´‡•ã‡§°‡§º ‡§ï‡§∞ ‡§¶‡•ã ‡§∂‡§æ‡§§‡§ø‡§∞ ‡§ö‡•ã‡§∞‡•ã‡§Ç ‡§ï‡•Ä ‡§π‡•Å‡§à ‡§ó‡§ø‡§∞‡§´‡•ç‚Ä¶",2016-04-20 07:17:50,#Police~Official Twitter account of ADG Zone Agra Police. Please do not report crime here. Not monitored 24/7. Dial 100 in case of emergency.,18864.0,agra,adgzoneagra
,2018-11-15 04:35:34,,1062927063793860608,0.0,"RT @Swamy39: Why the likes of Chidambaram, Karti, go Scot-free despite charges against them https://t.co/bg0g1HiMLQ via @PGurus1",2018-03-28 06:33:43,,346.0,,RajeshS79986570
,2018-11-15 04:35:41,,1062927093460168704,0.0,RT @RaoSuresh2: A video has emerged of Congress leader Kamal Nath allegedly advising Muslims to be patient assembly elections&amp; ‚Äúwe will dea‚Ä¶,2012-07-23 13:52:38,‡Æï‡Øã‡Æ™‡Æ§‡Øç‡Æ§‡Æø‡Æ≤‡Øç ‡Æ™‡Øã‡Æü‡ØÅ‡ÆÆ‡Øç ‡Æü‡Æø‡Æµ‡Æø‡Æü‡Øç‡Æü‡Øà ‡Æï‡Æ£‡Øç‡Æü‡ØÅ‡Æï‡Øç‡Æï‡Ææ‡Æ§‡Æø‡Æô‡Øç‡Æï ‡Æï‡Øä‡Æû‡Øç‡Æö ‡Æ®‡Øá‡Æ∞‡ÆÆ‡Øç ‡Æï‡Æ¥‡Æø‡Æû‡Øç‡Æö‡ØÅ ‡Æ®‡Ææ‡Æ©‡Øá ‡Æü‡ØÜ‡Æ≤‡Æø‡Æü‡Øç ‡Æ™‡Æ£‡Øç‡Æ£‡Æø‡Æü‡ØÅ‡Æµ‡Øá‡Æ©‡Øç. üôè,5192.0,‡Æá‡Æ®‡Øç‡Æ§‡Æø‡ÆØ‡Ææ,serukku
,2018-11-15 04:35:49,,1062927125496221696,0.0,"RT @Swamy39: Why the likes of Chidambaram, Karti, go Scot-free despite charges against them https://t.co/bg0g1HiMLQ via @PGurus1",2011-07-30 20:08:51,,423.0,,parimivamsi9
,2018-11-15 04:36:19,,1062927248884285440,0.0,"RT @Swamy39: Why the likes of Chidambaram, Karti, go Scot-free despite charges against them https://t.co/bg0g1HiMLQ via @PGurus1",2013-07-06 03:25:36,SriRamajayam!,147.0,,Venkat24indian
,2018-11-15 04:36:21,,1062927258271109120,0.0,"RT @c_aashish: Dear Shashi Tharoor, today a ‚Äòchaiwala‚Äô is the Prime Minister, not because of, but despite Jawaharlal Nehru - @nirwamehta -‚Ä¶",2014-01-14 07:31:02,"Indian. Expert adviser‚Äã on anything & everything.
Wannabe policymaker.
Views personal, RTs not endorsement.",243.0,New Delhi,iam_AbhishekRaj
,2018-11-15 04:36:23,,1062927269470052352,0.0,RT @intellisurfer: Washington Post publishes ‚ÄòRising hate in India‚Äô story based on fake data https://t.co/5JrTpR5cLZ via @opindia_com,2013-10-20 01:03:00,"Big Design & Performance, Techno-politics, Culture, Intervention, Nano thoughts & Dharma NG",459.0,Go Advanced Engineering!,saikanomie
,2018-11-15 04:36:35,,1062927319931600896,0.0,"RT @Swamy39: @4Species @pGurus1 Why did you not change key bureaucrats and law officers after May 26, 2014? Because of the tyranny of the U‚Ä¶",2013-07-06 03:25:36,SriRamajayam!,147.0,,Venkat24indian
,2018-11-15 04:37:07,,1062927454279426048,0.0,RT @RavindranathNa3: @trramesh @OpIndia_com @Swamy39 @mohandastg Sabarimala temple is not secular. For that matter no temple can ever be se‚Ä¶,2010-07-31 09:35:20,"Financial Professional, Political Observer,  Modi Bhakt.  RTs are not endorsement. Stands for 'Hindutva'. Communal by birth.",25680.0,Bhopal,mvnair212
,2018-11-15 04:37:39,,1062927587633172480,0.0,"RT @mysuroo: Why many are against GST.

Commercial Tax officers say : this is tip of the iceberg 
Rs 1,200-crore GST fraud busted in Bengal‚Ä¶",2010-03-12 12:08:59,"#CenterRightWing  
UBER rating 4.93",370.0,,7esccntrl
,2018-11-15 04:37:52,,1062927639566897152,0.0,"RT @HasdaaPunjab: @DelhiPolice ‡§ó‡§∞‡•Ä‡§¨ ‡§Æ‡§æ‡§Å ‡§ï‡•Ä 13 ‡§µ‡§∞‡•ç‡§∑‡•Ä‡§Ø ‡§¨‡§ö‡•ç‡§ö‡•Ä ‡§ï‡•ã ‡§≠‡•Ä ‡§≤‡•á ‡§Ü‡§ì ‡§¶‡§∞‡§ø‡§Ç‡§¶‡•ã‡§Ç ‡§ï‡•á ‡§ö‡•Å‡§Ç‡§ó‡§≤ ‡§∏‡•á ‡§õ‡•Å‡§°‡§º‡§æ‡§ï‡§∞, ‡§Ø‡§æ ‡§∏‡§ø‡§∞‡•ç‡§´ ‡§™‡•ç‡§∞‡§≠‡§æ‡§µ‡§∂‡§æ‡§≤‡•Ä ‡§≤‡•ã‡§ó‡•ã‡§Ç ‡§ï‡•á ‡§≤‡§ø‡§è ‡§π‡•Ä ‡§ö‡•Å‚Ä¶",2012-04-03 11:26:46,NeVeR faLLüíóüíòüíòIn loVeüíëüíë..... wiTh A woUnDed‚ôÄ‚ôÄ bIRdüë©üë©... sHe wiLL hEaL‚ôÄüë∞üë∞‚ôÄ iN yoUr aRm'Süë´... bUt CaLL tHe SkIeSüå©‚õàüå© aT YoUr HoMe....,121.0,"India, New Delhi",DEV__KARAN
,2018-11-15 04:37:59,,1062927668428054528,0.0,RT @HinduJagrutiOrg: ‡§µ‡§ø‡§µ‡•á‡§ï‡§µ‡§æ‡§¶ ‡§ï‡§æ ‡§¢‡§ø‡§Ç‡§¢‡•ã‡§∞‡§æ ‡§™‡•Ä‡§ü‡§®‡•á‡§µ‡§æ‡§≤‡•Ä ‡§Ö‡§Ç‡§®‡§ø‡§∏ ‡§ï‡§æ ‡§î‡§∞ ‡§è‡§ï ‡§ò‡•ã‡§ü‡§æ‡§≤‡§æ ! : ‚Äò‡§Ö‡§Ç‡§ß‡§∂‡•ç‡§∞‡§¶‡•ç‡§ß‡§æ ‡§®‡§ø‡§∞‡•ç‡§Æ‡•Ç‡§≤‡§® ‡§µ‡§æ‡§∞‡•ç‡§§‡§æ‡§™‡§§‡•ç‡§∞‚Äô ‡§ï‡•á ‡§¶‡•Ä‡§™‡§æ‡§µ‡§≤‡•Ä ‡§Ö‡§Ç‡§ï ‡§∏‡•á ‡§π‡•ã‡§®‡•á‡§µ‡§æ‡§≤‡•Ä ‡§≤‡§æ‚Ä¶,2017-08-23 17:15:24,,30.0,"Madhubani, India",VIJAY17311
,2018-11-15 04:38:09,,1062927713759985664,0.0,"RT @mysuroo: Why many are against GST.

Commercial Tax officers say : this is tip of the iceberg 
Rs 1,200-crore GST fraud busted in Bengal‚Ä¶",2009-05-30 08:07:03,Romantic and a blog writer on health.,76.0,Bangalore,romantic1939
,2018-11-15 04:38:28,,1062927791656644608,0.0,"#PaperCuttingUpp #UPPolice 
‡§è‡§∏‡§è‡§∏‡§™‡•Ä ‡§è‡§ü‡§æ ‡§¶‡•ç‡§µ‡§æ‡§∞‡§æ ‡§ú‡§®‡§™‡§¶ ‡§Æ‡•á‡§Ç ‡§∂‡•Å‡§∞‡•Ç ‡§ï‡§ø‡§è ‡§ó‡§Ø‡§æ #NewInitiativeUpp, ""‡§™‡•Å‡§≤‡§ø‡§∏ ‡§ü‡•ç‡§∞‡•á‡§®‡§ø‡§Ç‡§ó ‡§è‡§™"" ‡§ï‡•á ‡§Æ‡§æ‡§ß‡•ç‡§Ø‚Ä¶ https://t.co/wd4DSGktOW",2013-06-21 06:46:43,#Police~Official Twitter account of Etah Police. Pls do not report crime here. Not monitored 24/7. Dial 100 in case of emergency.,10357.0,"Etah, UP, India",Etahpolice
,2018-11-15 04:38:40,,1062927842227433474,0.0,RT @vivekagnihotri: Urban Naxals by Vivek Agnihotri : The story of ‚Äòan India where success does not lie in money but surviving‚Äô https://t.c‚Ä¶,2016-05-10 11:26:55,"Tweets r my personal views, RTs r not my endorsements",316.0,,sg3169
,2018-11-15 04:38:43,,1062927856580218880,0.0,RT @RaoSuresh2: A video has emerged of Congress leader Kamal Nath allegedly advising Muslims to be patient assembly elections&amp; ‚Äúwe will dea‚Ä¶,2018-07-07 19:27:17,Believe to let other know the Facts about Politics games etc. A bad Hindu,151.0,India,The_facts_file
,2018-11-15 04:38:46,,1062927865921069057,0.0,OMG. I can't believe!!! Congress under #RahulGandhi standing for Hindu rights while BJP/ RSS fast becoming an Isl**‚Ä¶ https://t.co/U7E4CAjK5I,2018-06-17 10:32:38,"Proud #Indian and #Marathi. #‡§Æ‡§∞‡§æ‡§†‡•Ä. MBA & MCOM. Supports #HinduRashtra, Against #HindiImposition.",37.0,,VikasMarathi
,2018-11-15 04:38:50,,1062927883440508928,0.0,RT @malapatiraja: @mysuroo @KiranKS @Kaalateetham @shakkuiyer @muglikar_ @KanchanGupta @OpIndia_com @pGurus1 @DeccanHerald The most importa‚Ä¶,2009-05-30 08:07:03,Romantic and a blog writer on health.,76.0,Bangalore,romantic1939
,2018-11-15 04:38:50,,1062927884673703936,0.0,RT @madhukishwar: 4. I'd like Tweeple to answer: Is it wrong to suggest that @AltNews is for Congress &amp; Left what @OpIndia_com is for BJP?‚Ä¶,2012-03-27 18:05:45,"‡§∏‡•Å‡§¨‡§π_‡§∂‡§æ‡§Æ ‡§∏‡•Ç‡§∞‡§ú ‡§≠‡•Ä ‡§≠‡§ó‡§µ‡§æ ‡§ì‡§¢‡§º‡§ï‡§∞ ‡§Ü‡§§‡§æ ‡§π‡•à üåÖ
#Sadguru 
#Swamy   
#RajyavardhanRathore
#shehzad poonawalla",1963.0,India,faustocloud
,2018-11-15 04:39:15,,1062927990986657793,0.0,@Etahpolice @Uppolice @dgpup @adgzoneagra @digrangealigarh @IpsAshish @upcoprahul @Live_Hindustan @News18UP @UPGovt‚Ä¶ https://t.co/cmcmvvwPpA,2017-04-15 02:19:49,Upendra,19.0,"New Delhi, India",mishra_upendera
,2018-11-15 04:39:23,,1062928020711780354,0.0,RT @madhukishwar: 4. I'd like Tweeple to answer: Is it wrong to suggest that @AltNews is for Congress &amp; Left what @OpIndia_com is for BJP?‚Ä¶,2018-08-16 07:38:28,"Will support what's right. 

#NeverForgetNeverForgive #NeverGiveUp",113.0,,MRaja06615343
,2018-11-15 04:39:27,,1062928041108660231,0.0,RT @RaoSuresh2: A video has emerged of Congress leader Kamal Nath allegedly advising Muslims to be patient assembly elections&amp; ‚Äúwe will dea‚Ä¶,2009-07-31 03:39:27,"Wildlife & Photography are my interests.  Spirituality is my core  ‡ÆÜ‡Æ£‡Øç‡Æü‡Æµ‡Æ©‡Øá ‡Æ®‡ÆÆ‡Øç‡ÆÆ‡Æ™‡Øç ‡Æ™‡Æï‡Øç‡Æï‡ÆÆ‡Øç ‡Æá‡Æ∞‡ØÅ‡Æï‡Øç‡Æï‡Ææ‡Æ©‡Øçüôè

Let's not repeat 2004 - support Modi for PM in 2019",543.0,"Hyderabad, India",arunprasad72
,2018-11-15 04:39:30,,1062928051481133057,0.0,"RT @c_aashish: Dear Shashi Tharoor, today a ‚Äòchaiwala‚Äô is the Prime Minister, not because of, but despite Jawaharlal Nehru - @nirwamehta -‚Ä¶",2013-05-24 03:57:07,"visit
https://transformingindia.mygov.in/performance-dashboard/#primary",4439.0,,dhruvbhim
,2018-11-15 04:39:38,,1062928084343709696,0.0,@OpIndia_com @nirwamehta Unfortunately you still and only see him as chaiwala where we see him as a super hero who‚Ä¶ https://t.co/4xYZQm9wli,2012-09-12 19:46:05,Thamizhan,55.0,,nambirulez
,2018-11-15 04:39:56,,1062928161472688128,0.0,"RT @RamjiVe80403195: #‡§∞‡§æ‡§ß‡§æ‡§∏‡•ç‡§µ‡§æ‡§Æ‡•Ä‡§™‡§Ç‡§•_‡§ï‡§æ_‡§ñ‡•Å‡§≤‡§æ‡§∏‡§æ
‡§∞‡§æ‡§ß‡§æ‡§∏‡•ç‡§µ‡§æ‡§Æ‡•Ä ‡§™‡§Ç‡§• ‡§ï‡•á ‡§ß‡§∞‡•ç‡§Æ‡§ó‡•Å‡§∞‡•Å ‡§ï‡§π‡§§‡•á ‡§π‡•à‡§Ç ‡§ï‡§ø ‡§∏‡§§‡§®‡§æ‡§Æ ‡§Æ‡•Å‡§ï‡§æ‡§Æ(‡§∏‡•ç‡§•‡§æ‡§®) ‡§π‡•à,‡§ú‡§¨‡§ï‡§ø ‡§∏‡§§‡§®‡§æ‡§Æ ‡§¶‡•ã ‡§Ö‡§ñ‡§∞ ‡§ï‡§æ ‡§Æ‡§®‡•ç‡§§‡•ç‡§∞ ‡§π‡•à‚Ä¶",2017-12-28 13:18:36,‡§ï‡§¨‡•Ä‡§∞ ‡§≠‡§ó‡§µ‡§æ‡§®,341.0,"Ajmer, India",MukeshSongara19
,2018-11-15 04:40:20,,1062928261188005888,0.0,"‡§µ‡§ø‡§™‡§ï‡•ç‡§∑ ‡§µ‡§ø‡§∂‡•ç‡§µ‡§∏‡§®‡•Ä‡§Ø‡§§‡§æ ‡§ï‡•á ‡§∏‡§Ç‡§ï‡§ü ‡§∏‡•á ‡§ú‡•Ç‡§ù ‡§∞‡§π‡§æ ‡§π‡•à‡•§ ‡§ï‡§æ‡§Ç‡§ó‡•ç‡§∞‡•á‡§∏ ‡§ï‡•Ä ‡§§‡§æ‡§ï‡§§ ‡§®‡§π‡•Ä‡§Ç ‡§¨‡§ö‡•Ä, ‡§á‡§∏‡§≤‡§ø‡§è ‡§¨‡§ø‡§®‡§æ ‡§¶‡•Ç‡§≤‡•ç‡§π‡•á ‡§ï‡•Ä ‡§¨‡§æ‡§∞‡§æ‡§§ ‡§≤‡•á‡§ï‡§∞ ‡§ö‡§≤ ‡§∞‡§π‡•Ä ‡§π‡•à : ‡§∞‡§æ‚Ä¶ https://t.co/s94feo5Es8",2013-03-22 13:57:17,"Special correspondent, Navbharat Times, Reports on Politics, also on Aviation, Railway, metro, and Road Transport.  views are personal.",1002.0,New Delhi,gulshanNBT
,2018-11-15 04:40:30,,1062928303806398465,0.0,@PoirotH_ @LegalKant @ShefVaidya @OGSaffron @OpIndia_com @prasannavishy @Kuvalayamala @sankrant @India_Policy‚Ä¶ https://t.co/ioZZ6wq5yT,2009-07-14 08:36:03,"Engineer, HVAC specialist, Energy Conscientious. Good at low cost energy saving projects. Family man, patriot of Mother India. Jai Hind!
‡§∏‡§§‡•ç‡§Ø‡§Ç ‡§µ‡§¶ ‡§ß‡§∞‡•ç‡§Æ‡§Ç ‡§ö‡§∞‡•§",235.0,Pune,AVDPune
,2018-11-15 04:40:33,,1062928318268243968,0.0,"RT @Swamy39: Why the likes of Chidambaram, Karti, go Scot-free despite charges against them https://t.co/bg0g1HiMLQ via @PGurus1",2018-01-29 05:33:40,"‡§Æ‡•à‡§Ç ‡§ú‡•ç‡§û‡§æ‡§® ‡§Æ‡•á ‡§¨‡•ç‡§∞‡§æ‡§π‡•ç‡§Æ‡§£ ‡§π‡•Ç‡§Å‡•§ ‡§µ‡•ç‡§Ø‡§µ‡§∏‡•ç‡§•‡§æ ‡§∏‡•á ‡§µ‡•à‡§∂‡•ç‡§Ø ‡§π‡•Ç‡§Å‡•§
‡§∞‡§£‡§≠‡•Ç‡§Æ‡§ø ‡§Æ‡•á ‡§ï‡•ç‡§∑‡§§‡•ç‡§∞‡§ø‡§Ø ‡§π‡•Ç‡§Å‡•§ ‡§î‡§∞ ‡§∏‡•á‡§µ‡§æ ‡§ï‡§∞‡§®‡•á ‡§Æ‡•á ‡§∂‡•Ç‡§¶‡•ç‡§∞ ‡§π‡•Ç‡§Å‡•§
‡§Ö‡§§‡§É
‡§Æ‡•à‡§Ç ‡§π‡§ø‡§®‡•ç‡§¶‡•Ç ‡§π‡•Ç‡§Å‡•§‡•§üö©",719.0,"Gujarat, India",KunalRMishra1
,2018-11-15 04:40:49,,1062928383170928640,0.0,"RT @Etahpolice: #PaperCuttingUpp #UPPolice 
‡§è‡§∏‡§è‡§∏‡§™‡•Ä ‡§è‡§ü‡§æ ‡§¶‡•ç‡§µ‡§æ‡§∞‡§æ ‡§ú‡§®‡§™‡§¶ ‡§Æ‡•á‡§Ç ‡§∂‡•Å‡§∞‡•Ç ‡§ï‡§ø‡§è ‡§ó‡§Ø‡§æ #NewInitiativeUpp, ""‡§™‡•Å‡§≤‡§ø‡§∏ ‡§ü‡•ç‡§∞‡•á‡§®‡§ø‡§Ç‡§ó ‡§è‡§™"" ‡§ï‡•á ‡§Æ‡§æ‡§ß‡•ç‡§Ø‡§Æ ‡§∏‡•á ‡§∞‡§ø‚Ä¶",2012-08-22 10:25:25,cop @Uppolice,512.0,Etah Uttar Pradesh India,Upcopatul
,2018-11-15 04:40:50,,1062928388560609280,0.0,"RT @Swamy39: Why the likes of Chidambaram, Karti, go Scot-free despite charges against them https://t.co/bg0g1HiMLQ via @PGurus1",2009-03-08 16:55:35,"CEO, K S Aiyar & Co , FCA, CPA; Mumbai, Los Angeles; pacifist, support what's right, yoga enthu. RT could be endorsements / appreciation",2439.0,"Los Angeles, Mumbai or London",RaghuAiyar
,2018-11-15 04:40:53,,1062928398379450368,0.0,"RT @Swamy39: Why the likes of Chidambaram, Karti, go Scot-free despite charges against them https://t.co/bg0g1HiMLQ via @PGurus1",2014-09-02 10:40:45,,480.0,,69b1b71236104d6
,2018-11-15 04:41:04,,1062928446798450689,0.0,‡§õ‡§§‡•ç‡§§‡•Ä‡§∏‡§ó‡§¢‡§º ‡§ï‡•Ä ‡§ú‡§®‡§§‡§æ ‡§ï‡§æ ‡§≠‡§∞‡•ã‡§∏‡§æ ‡§¨‡•Ä‡§ú‡•á‡§™‡•Ä ‡§î‡§∞ ‡§∞‡§Æ‡§® ‡§∏‡§ø‡§Ç‡§π ‡§ï‡•á ‡§™‡•ç‡§∞‡§§‡§ø ‡§ï‡§Æ ‡§π‡•ã‡§®‡•á ‡§ï‡•Ä ‡§¨‡§ú‡§æ‡§Ø ‡§¨‡§¢‡§º‡§æ ‡§π‡•à‡§Ç : ‡§∞‡§æ‡§ú‡§®‡§æ‡§• ‡§∏‡§ø‡§Ç‡§π #bjp @NavbharatTimes‚Ä¶ https://t.co/7dyuvLkvg0,2013-03-22 13:57:17,"Special correspondent, Navbharat Times, Reports on Politics, also on Aviation, Railway, metro, and Road Transport.  views are personal.",1002.0,New Delhi,gulshanNBT
,2018-11-15 04:41:07,,1062928458047729664,0.0,"RT @Swamy39: Why the likes of Chidambaram, Karti, go Scot-free despite charges against them https://t.co/bg0g1HiMLQ via @PGurus1",2011-10-27 12:29:53,"‚óÜStartup Soon 
‚óÜ My Ten Thousand Generation will Remain HINDU ‚óÜ
‚óÜEx- Narendra Modi Bhakt ‚óÜ
‚óÜEx-Secular‚óÜ",528.0,"Meerut, India",adityasaxena20
,2018-11-15 04:41:12,,1062928480973832193,0.0,"RT @c_aashish: Dear Shashi Tharoor, today a ‚Äòchaiwala‚Äô is the Prime Minister, not because of, but despite Jawaharlal Nehru - @nirwamehta -‚Ä¶",2018-10-17 21:18:05,,14.0,,DamFleming
,2018-11-15 04:41:15,,1062928492029833217,0.0,"@OpIndia_com ‡§ö‡§Ç‡§¶‡§æ ‡§ú‡§Æ‡§æ, ‡§™‡•à‡§∏‡§æ ‡§¨‡§®‡§æ!
‡§™‡•à‡§∏‡§æ ‡§π‡§ú‡§º‡§Æ, ‡§ñ‡•á‡§≤ ‡§ñ‡§§‡•ç‡§Æ!!",2013-11-22 08:08:35,Honoured to be followed by @RakeshSinha01and office of @RKSingh office of @nsitharamanoffice @PiyushGoyaloffice,2468.0,,urmila2008
,2018-11-15 04:41:35,,1062928574427074561,0.0,@IndiaFactsOrg Fantastic article! Must read and should be published in leading newspapers around the world!,2012-10-25 12:27:41,,338.0,,NarasingM
,2018-11-15 04:41:40,,1062928597218934785,0.0,@bhaiyyajispeaks @pGurus1 @rvaidya2000,2010-08-24 15:43:55,"#FoodProfessional
#Karmaiseverything #MyOpinionIsMine
#TweetinPersCap #BasedInDenmark #Belongs2NoParty
#RTsNotIndorsed
‚ÄúDo Reach / Follow me if U R Real‚Äù",103.0,"BHARAT ""WORLD's GURU""",TheLalitKSingh
,2018-11-15 04:41:42,,1062928605284524032,0.0,"RT @mysuroo: Why many are against GST.

Commercial Tax officers say : this is tip of the iceberg 
Rs 1,200-crore GST fraud busted in Bengal‚Ä¶",2013-09-21 12:52:17,"Software Professional, 
Pune",104.0,"Pune, India",_SandeepKSoni
,2018-11-15 04:41:42,,1062928605385121792,0.0,"RT @Etahpolice: #PaperCuttingUpp #UPPolice 
‡§è‡§ü‡§æ ~ ‡§•‡§æ‡§®‡§æ ‡§ï‡•ã‡§§‡§µ‡§æ‡§≤‡•Ä ‡§¶‡•á‡§π‡§æ‡§§ ‡§™‡•Å‡§≤‡§ø‡§∏ ‡§¶‡•ç‡§µ‡§æ‡§∞‡§æ ‡§µ‡§æ‡§π‡§® ‡§ö‡•ã‡§∞ ‡§ó‡§ø‡§∞‡•ã‡§π ‡§ï‡§æ ‡§≠‡§Ç‡§°‡§æ‡§´‡•ã‡§°‡§º ‡§ï‡§∞ ‡§¶‡•ã ‡§∂‡§æ‡§§‡§ø‡§∞ ‡§ö‡•ã‡§∞‡•ã‡§Ç ‡§ï‡•Ä ‡§π‡•Å‡§à ‡§ó‡§ø‡§∞‡§´‡•ç‚Ä¶",2012-08-22 10:25:25,cop @Uppolice,512.0,Etah Uttar Pradesh India,Upcopatul
,2018-11-15 04:41:46,,1062928622124580864,0.0,RT @madhukishwar: 2. In 1st panel @AltNews presented themselves as Fake News Buster. My saying @OpIndia_com does for BJP what @AltNews does‚Ä¶,2013-05-24 03:57:07,"visit
https://transformingindia.mygov.in/performance-dashboard/#primary",4439.0,,dhruvbhim
,2018-11-15 04:41:49,,1062928633419902976,0.0,RT @madhukishwar: 4. I'd like Tweeple to answer: Is it wrong to suggest that @AltNews is for Congress &amp; Left what @OpIndia_com is for BJP?‚Ä¶,2013-05-24 03:57:07,"visit
https://transformingindia.mygov.in/performance-dashboard/#primary",4439.0,,dhruvbhim
,2018-11-15 04:42:02,,1062928690756038656,0.0,"RT @Swamy39: Why the likes of Chidambaram, Karti, go Scot-free despite charges against them https://t.co/bg0g1HiMLQ via @PGurus1",2013-11-18 16:14:33,"Proud Hindu Nationalist,Proud Modi follower, Hate Christian conversion, Businessman By Profession",2634.0,Telangana,Jinit12345
,2018-11-15 04:42:16,,1062928746519375873,0.0,@pGurus1 @rvaidya2000,2010-08-24 15:43:55,"#FoodProfessional
#Karmaiseverything #MyOpinionIsMine
#TweetinPersCap #BasedInDenmark #Belongs2NoParty
#RTsNotIndorsed
‚ÄúDo Reach / Follow me if U R Real‚Äù",103.0,"BHARAT ""WORLD's GURU""",TheLalitKSingh
,2018-11-15 04:42:25,,1062928787560521728,0.0,"RT @Swamy39: Why the likes of Chidambaram, Karti, go Scot-free despite charges against them https://t.co/bg0g1HiMLQ via @PGurus1",2013-02-14 06:07:44,,464.0,,olaprexa
,2018-11-15 04:42:29,,1062928801770995712,0.0,RT @HinduJagrutiOrg: ‡§µ‡§ø‡§µ‡•á‡§ï‡§µ‡§æ‡§¶ ‡§ï‡§æ ‡§¢‡§ø‡§Ç‡§¢‡•ã‡§∞‡§æ ‡§™‡•Ä‡§ü‡§®‡•á‡§µ‡§æ‡§≤‡•Ä ‡§Ö‡§Ç‡§®‡§ø‡§∏ ‡§ï‡§æ ‡§î‡§∞ ‡§è‡§ï ‡§ò‡•ã‡§ü‡§æ‡§≤‡§æ ! : ‚Äò‡§Ö‡§Ç‡§ß‡§∂‡•ç‡§∞‡§¶‡•ç‡§ß‡§æ ‡§®‡§ø‡§∞‡•ç‡§Æ‡•Ç‡§≤‡§® ‡§µ‡§æ‡§∞‡•ç‡§§‡§æ‡§™‡§§‡•ç‡§∞‚Äô ‡§ï‡•á ‡§¶‡•Ä‡§™‡§æ‡§µ‡§≤‡•Ä ‡§Ö‡§Ç‡§ï ‡§∏‡•á ‡§π‡•ã‡§®‡•á‡§µ‡§æ‡§≤‡•Ä ‡§≤‡§æ‚Ä¶,2018-04-21 16:24:03,‡§π‡§ø‡§Ç‡§¶‡•Å‡§§‡•ç‡§µ,122.0,,HindurashtraA
,2018-11-15 04:42:46,,1062928871991926784,0.0,‡§ï‡§æ‡§Ç‡§ó‡•ç‡§∞‡•á‡§∏ ‡§ï‡•Ä ‡§¨‡§æ‡§§ ‡§™‡§∞ ‡§ú‡§¨ ‡§ú‡§Æ‡§§‡§æ ‡§ï‡§æ ‡§≠‡§∞‡•ã‡§∏‡§æ ‡§®‡§π‡•Ä‡§Ç ‡§§‡•ã ‡§´‡§ø‡§∞ ‡§â‡§∏‡§ï‡•á ‡§ò‡•ã‡§∑‡§£‡§æ ‡§™‡§§‡•ç‡§∞ ‡§ï‡§æ ‡§ï‡•ç‡§Ø‡§æ ‡§Ö‡§∞‡•ç‡§• : ‡§∞‡§æ‡§ú‡§®‡§æ‡§• ‡§∏‡§ø‡§Ç‡§π #bjp @NavbharatTimes‚Ä¶ https://t.co/p2y1VkHXWx,2013-03-22 13:57:17,"Special correspondent, Navbharat Times, Reports on Politics, also on Aviation, Railway, metro, and Road Transport.  views are personal.",1002.0,New Delhi,gulshanNBT
,2018-11-15 04:42:46,,1062928875779428352,0.0,"RT @Swamy39: Why the likes of Chidambaram, Karti, go Scot-free despite charges against them https://t.co/bg0g1HiMLQ via @PGurus1",2014-05-18 11:17:21,"NATIONALIST, HINDU.
INVESTMENT - HISTORY - SCIENCE. 
            Rts indicate interest.",474.0,,YOGESHDAVE2012
,2018-11-15 04:42:50,,1062928891617042432,0.0,RT @Z9beIe2HUQ42OkV: @DushyantNaagar @upsiaspirants @narendramodi @ZeeNews @thewirehindi @htTweets @TOIIndiaNews @NavbharatTimes @ETNOWlive‚Ä¶,2018-07-23 08:07:50,Social worker,49.0,"‡§ï‡§æ‡§®‡§™‡•Å‡§∞, ‡§≠‡§æ‡§∞‡§§",Z9beIe2HUQ42OkV
,2018-11-15 04:42:55,,1062928912118730752,0.0,RT @RaoSuresh2: A video has emerged of Congress leader Kamal Nath allegedly advising Muslims to be patient assembly elections&amp; ‚Äúwe will dea‚Ä¶,2011-08-15 14:03:44,,29110.0,,chakra22090440
,2018-11-15 04:43:14,,1062928990099238912,0.0,"RT @NBT_Sports: #ShahidAfridi
‡§™‡§æ‡§ï‡§ø‡§∏‡•ç‡§§‡§æ‡§® ‡§∏‡•á ‡§â‡§∏‡§ï‡•á ‡§≤‡•ã‡§ó ‡§®‡§π‡•Ä‡§Ç ‡§∏‡§Ç‡§≠‡§≤ ‡§∞‡§π‡•á, ‡§µ‡§π ‡§ï‡§∂‡•ç‡§Æ‡•Ä‡§∞ ‡§ï‡•ç‡§Ø‡§æ ‡§∏‡§Ç‡§≠‡§æ‡§≤‡•á‡§ó‡§æ: ‡§∂‡§æ‡§π‡§ø‡§¶ ‡§Ö‡§´‡§∞‡•Ä‡§¶‡•Ä
https://t.co/M01AFL3LIK via @Navbh‚Ä¶",2012-01-25 04:27:28,,2.0,,Garimabahadur
,2018-11-15 04:43:22,,1062929025952182272,0.0,"RT @Etahpolice: #PaperCuttingUpp #UPPolice 
‡§è‡§∏‡§è‡§∏‡§™‡•Ä ‡§è‡§ü‡§æ ‡§¶‡•ç‡§µ‡§æ‡§∞‡§æ ‡§ú‡§®‡§™‡§¶ ‡§Æ‡•á‡§Ç ‡§∂‡•Å‡§∞‡•Ç ‡§ï‡§ø‡§è ‡§ó‡§Ø‡§æ #NewInitiativeUpp, ""‡§™‡•Å‡§≤‡§ø‡§∏ ‡§ü‡•ç‡§∞‡•á‡§®‡§ø‡§Ç‡§ó ‡§è‡§™"" ‡§ï‡•á ‡§Æ‡§æ‡§ß‡•ç‡§Ø‡§Æ ‡§∏‡•á ‡§∞‡§ø‚Ä¶",2017-04-16 11:37:14,"Hot heads and cold hearts never solved anything.
 @shinenewslive @shinenewsweb

RT's not #endorsement",234.0,,Draps78
,2018-11-15 04:43:29,,1062929053764661249,0.0,"RT @Etahpolice: #PaperCuttingUpp #UPPolice 
‡§è‡§ü‡§æ ~ ‡§•‡§æ‡§®‡§æ ‡§ï‡•ã‡§§‡§µ‡§æ‡§≤‡•Ä ‡§¶‡•á‡§π‡§æ‡§§ ‡§™‡•Å‡§≤‡§ø‡§∏ ‡§¶‡•ç‡§µ‡§æ‡§∞‡§æ ‡§µ‡§æ‡§π‡§® ‡§ö‡•ã‡§∞ ‡§ó‡§ø‡§∞‡•ã‡§π ‡§ï‡§æ ‡§≠‡§Ç‡§°‡§æ‡§´‡•ã‡§°‡§º ‡§ï‡§∞ ‡§¶‡•ã ‡§∂‡§æ‡§§‡§ø‡§∞ ‡§ö‡•ã‡§∞‡•ã‡§Ç ‡§ï‡•Ä ‡§π‡•Å‡§à ‡§ó‡§ø‡§∞‡§´‡•ç‚Ä¶",2017-04-16 11:37:14,"Hot heads and cold hearts never solved anything.
 @shinenewslive @shinenewsweb

RT's not #endorsement",234.0,,Draps78
,2018-11-15 04:43:38,,1062929092226383872,0.0,"RT @dainikbharat: Dhamki Email from Congress party to us 

Because we wrote an article based upon #Kamalnath viral video on ""inse (hindus)‚Ä¶",2013-01-05 09:47:52,Concerned Observer,545.0,,AmitabhPoddar1
,2018-11-15 04:43:46,,1062929124090568704,0.0,"RT @Swamy39: @4Species @pGurus1 Why did you not change key bureaucrats and law officers after May 26, 2014? Because of the tyranny of the U‚Ä¶",2013-11-18 16:14:33,"Proud Hindu Nationalist,Proud Modi follower, Hate Christian conversion, Businessman By Profession",2634.0,Telangana,Jinit12345
,2018-11-15 04:44:01,,1062929189626634240,0.0,RT @NavalVeteran_HB: @gurjohar @achlendra @hdhingra @narendramodi @mlkhattar @Live_Hindustan @BJP4India #DwarkaExpressWay #kherkidaulatoll,2018-09-03 12:17:03,,11.0,,Sandeep99254303
,2018-11-15 04:44:06,,1062929210052956160,0.0,RT @RaoSuresh2: A video has emerged of Congress leader Kamal Nath allegedly advising Muslims to be patient assembly elections&amp; ‚Äúwe will dea‚Ä¶,2011-05-22 14:12:26,"Bharat|Curious|Learner|Quest for Truth.                                                  Tweets are personal, Retweets are not endorsement. #BJPForIndia",94.0,,kailashkumr
,2018-11-15 04:44:14,,1062929244068577281,0.0,"@Swamy39 @pGurus1 Big level of police judiciary, political clean up must to save this country, it's deep rooted now‚Ä¶ https://t.co/dAsUbR3IjY",2012-06-09 11:27:42,"Love to connect with people .Tweets are personal, love to see a clean ,green,corrupt free, crime free, reservation free , casteless and developed India.",1084.0,chennai india,PatrioticIndia3
,2018-11-15 04:44:27,,1062929296463806466,0.0,@FasterMK @BlueTiick @Nestle @NavbharatTimes @SMHoaxSlayer please Varify. ‚ù§Ô∏è,2011-12-01 14:21:10,Stay focused and extra sparkly.‚ú® Good vibes only ‚Ä¢ Almost Famous ‚Ä¢Noüö´F4F‚Ä¢#INDIGENOUS‚Ä¢#THAROORIAN‚Ä¢Every Political Party of India is Corrupt‚Ä¢,994.0,Sub Capital Of Jharkhand ,BiryaniGuy
,2018-11-15 04:44:37,,1062929339350695936,0.0,"RT @Swamy39: Why the likes of Chidambaram, Karti, go Scot-free despite charges against them https://t.co/bg0g1HiMLQ via @PGurus1",2011-10-25 17:04:02,Fan of Dr. @swamy39. Proud VHS Member.,2211.0,"Ambala, India",vinish_ind
,2018-11-15 04:44:44,,1062929367712460800,0.0,@NavbharatTimes ‡§∞‡§æ‡§π‡•Å‡§≤ ‡§¨‡§æ‡§¨‡§æ ‡§ï‡•ã ‡§™‡•ç‡§Ø‡§æ‡§ú ‡§ï‡•Ä ‡§ñ‡•á‡§§‡•Ä ‡§®‡§π‡•Ä‡§Ç ‡§ï‡§∞‡§®‡•Ä ‡§Ø‡•á ‡§´‡§ø‡§ú‡•Ç‡§≤ ‡§ï‡•Ä ‡§¨‡§æ‡§§‡•ã‡§Ç ‡§ï‡•ã ‡§õ‡•ã‡§°‡•ã ‡§¶‡•á‡§∂ ‡§ï‡•á ‡§≤‡§ø‡§è ‡§§‡•Å‡§Æ‡§®‡•á ‡§ï‡•ç‡§Ø‡§æ ‡§ï‡§ø‡§Ø‡§æ ‡§µ‡•ã ‡§¨‡§§‡§æ‡§ì‡•§,2018-06-28 00:39:11,,3.0,"‡§¶‡§ø‡§≤‡•ç‡§≤‡•Ä, ‡§≠‡§æ‡§∞‡§§",Guddidk11
,2018-11-15 04:44:49,,1062929389988438017,0.0,"RT @mysuroo: Why many are against GST.

Commercial Tax officers say : this is tip of the iceberg 
Rs 1,200-crore GST fraud busted in Bengal‚Ä¶",2011-10-14 10:46:39,satyamev jayte,574.0,,kishoretkt
,2018-11-15 04:44:55,,1062929415783366656,0.0,RT @Barabankipolice: ‡§µ‡§ø‡§ß‡§æ‡§Ø‡§ï ‡§ï‡•Ä ‡§´‡•á‡§ï ‡§®‡•ç‡§Ø‡•Ç‡§ú ‡§ö‡§≤‡§æ‡§®‡•á ‡§µ‡§æ‡§≤‡§æ ‡§Ø‡•Å‡§µ‡§ï ‡§ó‡§ø‡§∞‡§´‡•ç‡§§‡§æ‡§∞‡•§ @Uppolice @adgzonelucknow @digfaizabad @News18UP @Live_Hindustan @AmarUj‚Ä¶,2013-09-01 16:54:52,"‡§Æ‡§π‡§®‡•ç‡§• #‡§π‡§®‡•Å‡§Æ‡§æ‡§®_‡§ó‡§¢‡•Ä ‡§∂‡•ç‡§∞‡•Ä ‡§Ö‡§Ø‡•ã‡§ß‡•ç‡§Ø‡§æ ‡§ß‡§æ‡§Æ ‡•§



 #‡§≤‡•ã‡§ï‡§∏‡§≠‡§æ „Äê54„Äë ‡§´‡•à‡§ú‡§æ‡§¨‡§æ‡§¶ [‡§Ö‡§Ø‡•ã‡§ß‡•ç‡§Ø‡§æ]
  „Äê‡§≠‡§æ‡§ú‡§™‡§æ„Äë

#‡§µ‡§ø‡§π‡§ø‡§™_‡§®‡•á‡§§‡§æüö©

‡§∏‡§Ç‡§Ø‡•ã‡§ú‡§ï - ‡§∂‡•ç‡§∞‡•Ä ‡§∞‡§æ‡§Æ ‡§ú‡§®‡•ç‡§Æ‡§≠‡•Ç‡§Æ‡§ø ‡§®‡§ø‡§∞‡•ç‡§Æ‡§æ‡§£ ‡§∏‡§π‡§Ø‡•ã‡§ó ‡§Æ‡§Ç‡§öüö©

#‡§ú‡§Ø_‡§∂‡•ç‡§∞‡•Ä_‡§∞‡§æ‡§Æüö©",1015.0,‡§Ö‡§Ø‡•ã‡§ß‡•ç‡§Ø‡§æ ,rajudas597
,2018-11-15 04:44:56,,1062929419042414592,0.0,"RT @Swamy39: Why the likes of Chidambaram, Karti, go Scot-free despite charges against them https://t.co/bg0g1HiMLQ via @PGurus1",2015-11-27 14:36:42,Nationalist.. A patriot.. Call it like i see it.. Don't give a damn what others think about me.. Jai Hind. RTs are endorsements,159.0,,Venkian1984
,2018-11-15 04:45:08,,1062929469881479174,0.0,"RT @trramesh: Is the Commie CM planning the next TDB with one Commie ""Hindu"" member, one Muslim member and one Bishop like Franco? Sabarima‚Ä¶",2016-06-22 16:12:23,namaste sada vatsale matribhume tvayƒÅ hindubh≈´me sukha·πÅ vardhitoham.! ‡ÆÖ‡Æï‡Æ£‡Øç‡Æü ‡Æ™‡Ææ‡Æ∞‡Æ§‡ÆÆ‡Øá ‡Æá‡Æ≤‡Æü‡Øç‡Æö‡Æø‡ÆØ‡ÆÆ‡Øç..! Saving Nature is prime duty.! NaMo again.üö©üö©,328.0,"Tamil Nadu, India",haritcn
,2018-11-15 04:45:08,,1062929468531073024,0.0,"@agniveer Revolution
or
Surgeon w/o Qualification &amp; Expertise
Bhagwan Ji has created this Universe &amp; Humans&gt;God is‚Ä¶ https://t.co/X9UL9aItyp",2015-09-20 07:15:50,"üö©Protectüö©Sanatan Dharmaüö© Sanskritüö©Bharatüö©Hindusthanüö©
Scientific-Religion freeüö©‡§π‡§ø‡§®‡•ç‡§¶‡•Å‡§§‡•ç‡§µ,‡§ß‡§∞‡•ç‡§Æ-‡§∏‡§Ç‡§∏‡§¶-‡§∏‡§§‡•ç‡§§‡§æ ‡§ï‡•Ä ‡§™‡•ç‡§∞‡§æ‡§£-‡§™‡•ç‡§∞‡§§‡§ø‡§∑‡•ç‡§†‡§æüö©üö©‡§∏‡•á‡§ï‡•ç‡§Ø‡•Å‡§≤‡§∞‡§µ‡§æ‡§¶ ‡§ï‡•Ä ‡§Ö‡§Ç‡§§‡•ç‡§Ø‡•á‡§∑‡•ç‡§ü‡§øüö©",382.0,,MahadevBhardwaj
,2018-11-15 04:45:08,,1062929471303380992,0.0,"RT @Swamy39: Why the likes of Chidambaram, Karti, go Scot-free despite charges against them https://t.co/bg0g1HiMLQ via @PGurus1",2011-06-07 12:03:29,Be realistic: Plan for a miracle! ~ Nation First.,3663.0,INDIA,REINSTALLINDIA
,2018-11-15 04:45:10,,1062929477892624384,0.0,@PTI_News @MiLOKMAT @LoksattaLive @NavbharatTimes @htTweets @the_hindu @ZeeNews @abpnewstv @CNBCTV18News @moayush‚Ä¶ https://t.co/Fu3WNHoLud,2011-11-18 04:38:03,"Hate Or Love but can't Ignor! Be a King Maker, Anything For Our Great India!!",85.0,Mumbai,mrsshinde
,2018-11-15 04:45:11,,1062929481999044609,0.0,"RT @Swamy39: @4Species @pGurus1 Why did you not change key bureaucrats and law officers after May 26, 2014? Because of the tyranny of the U‚Ä¶",2011-10-25 17:04:02,Fan of Dr. @swamy39. Proud VHS Member.,2211.0,"Ambala, India",vinish_ind
,2018-11-15 04:45:25,,1062929540274483200,0.0,"RT @Etahpolice: #PaperCuttingUpp #UPPolice 
‡§è‡§ü‡§æ ~ ‡§•‡§æ‡§®‡§æ ‡§ï‡•ã‡§§‡§µ‡§æ‡§≤‡•Ä ‡§¶‡•á‡§π‡§æ‡§§ ‡§™‡•Å‡§≤‡§ø‡§∏ ‡§¶‡•ç‡§µ‡§æ‡§∞‡§æ ‡§µ‡§æ‡§π‡§® ‡§ö‡•ã‡§∞ ‡§ó‡§ø‡§∞‡•ã‡§π ‡§ï‡§æ ‡§≠‡§Ç‡§°‡§æ‡§´‡•ã‡§°‡§º ‡§ï‡§∞ ‡§¶‡•ã ‡§∂‡§æ‡§§‡§ø‡§∞ ‡§ö‡•ã‡§∞‡•ã‡§Ç ‡§ï‡•Ä ‡§π‡•Å‡§à ‡§ó‡§ø‡§∞‡§´‡•ç‚Ä¶",2017-11-06 19:17:13,0000,100.0,"Uttar Pradesh, India",Nsoy2mtSngLK24D
,2018-11-15 04:45:29,,1062929556401614849,0.0,RT @Swamy39: Government issues notice to Herald House to vacate by November 15. Congress leadership rushes to Court https://t.co/QOKj1sOHXT‚Ä¶,2018-10-19 14:37:00,‡§Ö‡§µ‡§ß ‡§ï‡•ç‡§∑‡•á‡§§‡•ç‡§∞ ‡§Ü‡§à ‡§ü‡•Ä ‡§µ‡§ø‡§≠‡§æ‡§ó,5.0,"Lucknow Canttonment Zone, Luck",shivend03388141
,2018-11-15 04:45:31,,1062929566681812993,0.0,"RT @Swamy39: Why the likes of Chidambaram, Karti, go Scot-free despite charges against them https://t.co/bg0g1HiMLQ via @PGurus1",2018-02-16 16:00:59,"Worked as GM, Commercial. Environment friendly, interested in History, Geography, Politics, Music and reading spiritual.",36.0,"Gandhidham, India",narpatsinhgmai1
,2018-11-15 04:45:32,,1062929571471736832,0.0,"RT @Etahpolice: #PaperCuttingUpp #UPPolice 
‡§è‡§∏‡§è‡§∏‡§™‡•Ä ‡§è‡§ü‡§æ ‡§¶‡•ç‡§µ‡§æ‡§∞‡§æ ‡§ú‡§®‡§™‡§¶ ‡§Æ‡•á‡§Ç ‡§∂‡•Å‡§∞‡•Ç ‡§ï‡§ø‡§è ‡§ó‡§Ø‡§æ #NewInitiativeUpp, ""‡§™‡•Å‡§≤‡§ø‡§∏ ‡§ü‡•ç‡§∞‡•á‡§®‡§ø‡§Ç‡§ó ‡§è‡§™"" ‡§ï‡•á ‡§Æ‡§æ‡§ß‡•ç‡§Ø‡§Æ ‡§∏‡•á ‡§∞‡§ø‚Ä¶",2017-11-06 19:17:13,0000,100.0,"Uttar Pradesh, India",Nsoy2mtSngLK24D
,2018-11-15 04:45:37,,1062929591973556224,0.0,‡§¨‡•à‡§Ç‡§ï‡•ã‡§Ç ‡§ï‡•á ‡§∞‡§æ‡§∑‡•ç‡§ü‡•ç‡§∞‡•Ä‡§Ø‡§ï‡§∞‡§£ ‡§∏‡•á ‡§ú‡§®‡§§‡§æ ‡§ï‡§æ ‡§´‡§æ‡§Ø‡§¶‡§æ ‡§®‡§π‡•Ä‡§Ç ‡§π‡•Å‡§Ü ‡§¨‡§≤‡•ç‡§ï‡§ø ‡§Æ‡•ã‡§¶‡•Ä ‡§ï‡•á ‡§∏‡§æ‡§Æ‡§æ‡§®‡•ç‡§Ø ‡§ï‡§∞‡§£ ‡§∏‡•á ‡§π‡•Å‡§Ü ‡§π‡•à : ‡§∞‡§æ‡§ú‡§®‡§æ‡§• ‡§∏‡§ø‡§Ç‡§π #bjp‚Ä¶ https://t.co/XMcg1TeLUl,2013-03-22 13:57:17,"Special correspondent, Navbharat Times, Reports on Politics, also on Aviation, Railway, metro, and Road Transport.  views are personal.",1002.0,New Delhi,gulshanNBT
,2018-11-15 04:45:47,,1062929632528261120,0.0,@agniveer ‡§ú‡§Ø ‡§∏‡§®‡§æ‡§§‡§® ‡§ß‡§∞‡•ç‡§Æ ‡§ï‡•Ä üö©üôè,2014-05-28 15:35:10,"‡§∞‡§æ‡§∑‡•ç‡§ü‡•ç‡§∞ ‡§î‡§∞ ‡§ß‡§∞‡•ç‡§Æ ‡§™‡§π‡§≤‡•á ‡•§
‡•ê *‡§∏‡§®‡§æ‡§§‡§®‡•Ä ‡§π‡§ø‡§®‡•ç‡§¶‡•Ç * ‡•ê",84.0,Bidhuna indai,smart_tiwari
,2018-11-15 04:45:49,,1062929641394958337,0.0,"RT @trramesh: Is the Commie CM planning the next TDB with one Commie ""Hindu"" member, one Muslim member and one Bishop like Franco? Sabarima‚Ä¶",2018-01-28 11:05:58,"Love My Motherland- Bharat, Engineer by profession| Bhartiya by Religion| Devotee to Hindu Sunskriti & it's pious Saints",55.0,"Gujarat, India",AhinsakC
,2018-11-15 04:45:53,,1062929659732606977,0.0,"RT @Swamy39: Why the likes of Chidambaram, Karti, go Scot-free despite charges against them https://t.co/bg0g1HiMLQ via @PGurus1",2018-07-20 00:45:10,passion 4 Marketing & sales.  avied soccer player. against corruption. modi fan.. support 4 BJP 2019,347.0,Mumbai ,Raj96307328
,2018-11-15 04:45:59,,1062929682939678720,0.0,@Swamy39 @pGurus1 BECAUSE Vast-Majority Of Top-Politicians Are CORRUPT. They Form A Network Consisting Of POLITICIA‚Ä¶ https://t.co/NUVpg9TQ21,2016-09-05 10:30:15,"BS, RM & NLP CONSULTANT‚õΩÔ∏è.To Ensure Govts Do Whatüë©‚Äç‚öñÔ∏èCITIZENSüë®‚Äç‚öñÔ∏èWant‚ñ∂Ô∏èPeople MUST‚õ±Ô∏èUNITE‚õ±Ô∏èLets Come‚òÇÔ∏èTOGETHER‚òÇÔ∏èTo Makeüí™FORMIDABLEüí™FORCE JAI-HINDüáÆüá≥VANDE-MATARAM",171.0,,RejishRJ
,2018-11-15 04:46:05,,1062929707958595586,0.0,RT @varanasipolice: @varanasipolice ‡§¶‡•ç‡§µ‡§æ‡§∞‡§æ ‡§µ‡§æ‡§Ç‡§õ‡§ø‡§§ 50 ‡§π‡§ú‡§æ‡§∞ ‡§ï‡§æ ‡§á‡§®‡§æ‡§Æ‡•Ä ‡§ï‡•Å‡§®‡•ç‡§¶‡§® ‡§ó‡§ø‡§∞‡§´‡•ç‡§§‡§æ‡§∞ @Uppolice @dgpup @UPGovt @adgzonevaranasi @IgRangeVarana‚Ä¶,2013-04-22 13:25:49,#Police~Official Twitter account of IG Zone Gorakhpur Police. Please do not report crime here. Not monitored 24/7. Dial 100 in case of emergency.,24538.0,gorakhpur,adgzonegkr
,2018-11-15 04:46:08,,1062929723280506880,0.0,"RT @NBT_Sports: #ShahidAfridi
‡§™‡§æ‡§ï‡§ø‡§∏‡•ç‡§§‡§æ‡§® ‡§∏‡•á ‡§â‡§∏‡§ï‡•á ‡§≤‡•ã‡§ó ‡§®‡§π‡•Ä‡§Ç ‡§∏‡§Ç‡§≠‡§≤ ‡§∞‡§π‡•á, ‡§µ‡§π ‡§ï‡§∂‡•ç‡§Æ‡•Ä‡§∞ ‡§ï‡•ç‡§Ø‡§æ ‡§∏‡§Ç‡§≠‡§æ‡§≤‡•á‡§ó‡§æ: ‡§∂‡§æ‡§π‡§ø‡§¶ ‡§Ö‡§´‡§∞‡•Ä‡§¶‡•Ä
https://t.co/M01AFL3LIK via @Navbh‚Ä¶",2013-12-14 16:31:17,"‡§π‡§Æ‡•á‡§Ç ‡§∏‡•Å‡§ñ‡§ï‡§æ ‡§≠‡•å‡•ö‡•Ä ‡§®‡§π‡•Ä‡§Ç ‡§¨‡§®‡§®‡§æ ‡§π‡•á ‡§™‡§∞‡§Ç‡§§‡•Å ‡§∏‡•Å‡§ñ‡§ï‡§æ ‡§¶‡§æ‡§§‡§æ ‡§¨‡§®‡§®‡§æ ‡§π‡•à ‡•§
fallow back duga",659.0,‡§∂‡•ç‡§∞‡•Ä‡§°‡•Ç‡§Ç‡§ó‡§∞‡§ó‡•ù ‡§¨‡•Ä‡§ï‡§æ‡§®‡•á‡§∞,Daulat65474412
,2018-11-15 04:46:14,,1062929748077174784,0.0,"RT @Swamy39: Why the likes of Chidambaram, Karti, go Scot-free despite charges against them https://t.co/bg0g1HiMLQ via @PGurus1",2009-08-27 00:38:33,,178.0,"Secunderabad, India",jsaditya
,2018-11-15 04:46:18,,1062929764606914561,0.0,"RT @trramesh: Is the Commie CM planning the next TDB with one Commie ""Hindu"" member, one Muslim member and one Bishop like Franco? Sabarima‚Ä¶",2009-07-29 10:48:02,"A lawyer by profession and lecturer by passion.. Nation building in my own way.. followed by @PiyushGoyaloffc , views purely personal..*Conditions Apply!!",267.0,"Bangalore, India",lawyersujith
,2018-11-15 04:46:18,,1062929764657188864,0.0,RT @RaoSuresh2: A video has emerged of Congress leader Kamal Nath allegedly advising Muslims to be patient assembly elections&amp; ‚Äúwe will dea‚Ä¶,2018-09-24 18:04:06,,120.0,"Hyderabad, India",McDMalliaha
,2018-11-15 04:46:19,,1062929767916322817,0.0,"RT @c_aashish: Dear Shashi Tharoor, today a ‚Äòchaiwala‚Äô is the Prime Minister, not because of, but despite Jawaharlal Nehru - @nirwamehta -‚Ä¶",2009-09-25 09:50:26,"||‡§ú‡§Ø ‡§∏‡§ø‡§Ø‡§æ‡§∞‡§æ‡§Æ || You won't be rich,you won't have wealth,but you will have something much better- RESPECT ll SAM MANEKSHAW ll RTs/Likes/Links aren‚Äôt endorsements",2930.0,‡§≠‡§æ‡§∞‡§§ (India) ,vibhavarms
,2018-11-15 04:46:30,,1062929815685226496,0.0,@OpIndia_com @EmmaWatson somebody owes an apology for supporting wrong people ü§î. Got guts?,2013-12-11 23:51:54,Tweets ment to be humorous if you don't find them funny they probably are not,201.0,,rakx80
